Date,Period,Shelter,Side,Rep,Type,sREP,Species,Height_mm.raw,LeafWidth_mm.raw,LeafLength_mm.raw,SPAD1.raw,SPAD2.raw,Tillers.raw,Height_mm,LeafWidth_mm,LeafLength_mm,SPAD1,SPAD2,SPAD_mean,Tillers
25/05/2018,Pre,1,East,1,S,a,Pha,dead,dead,dead,dead,dead,NA,NA,NA,NA,NA,NA,NA,NA
25/05/2018,Pre,1,East,2,S,a,Rye,40,4.6,230,35.3,44.1,NA,40,4.6,230,35.3,44.1,39.7,NA
25/05/2018,Pre,1,East,3,S,a,Rye,30,3.6,160,33,32.8,NA,30,3.6,160,33,32.8,32.9,NA
25/05/2018,Pre,1,East,4,S,a,Pha,40,10,170,36.4,34.6,NA,40,10,170,36.4,34.6,35.5,NA
25/05/2018,Pre,1,East,5,M,a,Pha,25,8.9,145,32.3,33.6,NA,25,8.9,145,32.3,33.6,32.95,NA
25/05/2018,Pre,1,East,5,M,b,Fes,30,7.2,220,30.4,29.1,NA,30,7.2,220,30.4,29.1,29.75,NA
25/05/2018,Pre,1,East,5,M,c,Rye,15,4,150,21.3,29.3,NA,15,4,150,21.3,29.3,25.3,NA
25/05/2018,Pre,1,East,6,S,a,Rye,40,2.8,180,38.2,39.4,NA,40,2.8,180,38.2,39.4,38.8,NA
25/05/2018,Pre,1,East,7,S,a,Fes,15,3.5,130,33.8,33.9,NA,15,3.5,130,33.8,33.9,33.85,NA
25/05/2018,Pre,1,East,8,S,a,Fes,15,1.8,100,35.5,32.9,NA,15,1.8,100,35.5,32.9,34.2,NA
25/05/2018,Pre,1,East,9,S,a,Rye,25,3.5,155,33.4,30.4,NA,25,3.5,155,33.4,30.4,31.9,NA
25/05/2018,Pre,1,East,10,M,a,Pha,5,3.8,195,40.8,40.5,NA,5,3.8,195,40.8,40.5,40.65,NA
25/05/2018,Pre,1,East,10,M,b,Rye,40,3.1,95,24.2,TS,NA,40,3.1,95,24.2,NA,24.2,NA
25/05/2018,Pre,1,East,10,M,c,Fes,5,3.1,30,TS,NA,NA,5,3.1,30,NA,NA,NA,NA
25/05/2018,Pre,1,East,11,S,a,Pha,80,11.1,245,32.4,23.7,NA,80,11.1,245,32.4,23.7,28.05,NA
25/05/2018,Pre,1,East,12,M,a,Fes,20,5.2,170,37.7,29.8,NA,20,5.2,170,37.7,29.8,33.75,NA
25/05/2018,Pre,1,East,12,M,b,Rye,15,2,120,34.1,33.7,NA,15,2,120,34.1,33.7,33.9,NA
25/05/2018,Pre,1,East,12,M,c,Pha,5,2,55,TS,NA,NA,5,2,55,NA,NA,NA,NA
25/05/2018,Pre,1,East,13,S,a,Pha,20,5.3,95,32.1,26,NA,20,5.3,95,32.1,26,29.05,NA
25/05/2018,Pre,1,East,14,S,a,Fes,20,6.2,135,37.2,39.4,NA,20,6.2,135,37.2,39.4,38.3,NA
25/05/2018,Pre,1,East,15,S,a,Fes,20,5.4,110,29.1,27.6,NA,20,5.4,110,29.1,27.6,28.35,NA
25/05/2018,Pre,1,East,16,M,a,Fes,25,4.8,145,36,34.6,NA,25,4.8,145,36,34.6,35.3,NA
25/05/2018,Pre,1,East,16,M,b,Rye,15,2.5,105,TS,NA,NA,15,2.5,105,NA,NA,NA,NA
25/05/2018,Pre,1,East,16,M,c,Pha,5,5.3,65,34.7,TS,NA,5,5.3,65,34.7,NA,34.7,NA
25/05/2018,Pre,1,West,1,S,a,Pha,25,6.1,135,27.4,32.3,NA,25,6.1,135,27.4,32.3,29.85,NA
25/05/2018,Pre,1,West,2,M,a,Rye,20,2.7,100,TS,NA,NA,20,2.7,100,NA,NA,NA,NA
25/05/2018,Pre,1,West,2,M,b,Pha,15,4.3,70,25.2,35.4,NA,15,4.3,70,25.2,35.4,30.3,NA
25/05/2018,Pre,1,West,2,M,c,Fes,50,8.1,260,44.4,31.5,NA,50,8.1,260,44.4,31.5,37.95,NA
25/05/2018,Pre,1,West,3,S,a,Pha,10,5.8,75,29.9,26.4,NA,10,5.8,75,29.9,26.4,28.15,NA
25/05/2018,Pre,1,West,4,S,a,Rye,15,2.4,90,39.6,29.4,NA,15,2.4,90,39.6,29.4,34.5,NA
25/05/2018,Pre,1,West,5,S,a,Pha,20,6.5,85,26.4,25.5,NA,20,6.5,85,26.4,25.5,25.95,NA
25/05/2018,Pre,1,West,6,S,a,Fes,30,3.8,135,39.7,34.3,NA,30,3.8,135,39.7,34.3,37,NA
25/05/2018,Pre,1,West,7,M,a,Fes,30,3.5,130,38.4,36.7,NA,30,3.5,130,38.4,36.7,37.55,NA
25/05/2018,Pre,1,West,7,M,b,Pha,10,4.9,80,21.8,23.8,NA,10,4.9,80,21.8,23.8,22.8,NA
25/05/2018,Pre,1,West,7,M,c,Rye,25,3,145,38.3,36.6,NA,25,3,145,38.3,36.6,37.45,NA
25/05/2018,Pre,1,West,8,S,a,Rye,30,2.5,195,42.6,35,NA,30,2.5,195,42.6,35,38.8,NA
25/05/2018,Pre,1,West,9,S,a,Rye,40,3.8,180,41.2,40.3,NA,40,3.8,180,41.2,40.3,40.75,NA
25/05/2018,Pre,1,West,10,S,a,Fes,40,5.4,155,42.8,35.2,NA,40,5.4,155,42.8,35.2,39,NA
25/05/2018,Pre,1,West,11,M,a,Fes,25,4.1,145,32.8,39.7,NA,25,4.1,145,32.8,39.7,36.25,NA
25/05/2018,Pre,1,West,11,M,b,Rye,25,3.7,110,33,41.3,NA,25,3.7,110,33,41.3,37.15,NA
25/05/2018,Pre,1,West,11,M,c,Pha,15,7.6,110,35.7,25.9,NA,15,7.6,110,35.7,25.9,30.8,NA
25/05/2018,Pre,1,West,12,S,a,Fes,35,7.8,180,47,41.3,NA,35,7.8,180,47,41.3,44.15,NA
25/05/2018,Pre,1,West,13,S,a,Rye,40,3.9,175,41.7,40,NA,40,3.9,175,41.7,40,40.85,NA
25/05/2018,Pre,1,West,14,M,a,Pha,15,5.9,160,26.9,28.3,NA,15,5.9,160,26.9,28.3,27.6,NA
25/05/2018,Pre,1,West,14,M,b,Rye,35,3.6,155,50.4,42.5,NA,35,3.6,155,50.4,42.5,46.45,NA
25/05/2018,Pre,1,West,14,M,c,Fes,35,6.7,210,37.6,32.3,NA,35,6.7,210,37.6,32.3,34.95,NA
25/05/2018,Pre,1,West,15,S,a,Pha,20,5.9,65,29.3,29.2,NA,20,5.9,65,29.3,29.2,29.25,NA
25/05/2018,Pre,1,West,16,S,a,Fes,20,5.9,155,31.2,31.5,NA,20,5.9,155,31.2,31.5,31.35,NA
25/05/2018,Pre,2,East,1,S,a,Rye,20,3,120,34.1,36.4,NA,20,3,120,34.1,36.4,35.25,NA
25/05/2018,Pre,2,East,2,S,a,Fes,15,2.1,85,TS,NA,NA,15,2.1,85,NA,NA,NA,NA
25/05/2018,Pre,2,East,3,M,a,Fes,30,5.8,170,37.5,33.8,NA,30,5.8,170,37.5,33.8,35.65,NA
25/05/2018,Pre,2,East,3,M,b,Rye,45,2.5,175,42.5,30,NA,45,2.5,175,42.5,30,36.25,NA
25/05/2018,Pre,2,East,3,M,c,Pha,15,4.6,75,38.3,39,NA,15,4.6,75,38.3,39,38.65,NA
25/05/2018,Pre,2,East,4,S,a,Fes,50,6.6,225,41.4,41.5,NA,50,6.6,225,41.4,41.5,41.45,NA
25/05/2018,Pre,2,East,5,S,a,Fes,30,6.2,180,40.3,38.7,NA,30,6.2,180,40.3,38.7,39.5,NA
25/05/2018,Pre,2,East,6,S,a,Fes,20,1.8,70,TS,NA,NA,20,1.8,70,NA,NA,NA,NA
25/05/2018,Pre,2,East,7,S,a,Rye,10,2.2,80,TS,NA,NA,10,2.2,80,NA,NA,NA,NA
25/05/2018,Pre,2,East,8,M,a,Pha,35,10.4,175,30,36.9,NA,35,10.4,175,30,36.9,33.45,NA
25/05/2018,Pre,2,East,8,M,b,Rye,20,2.9,140,39.8,28.4,NA,20,2.9,140,39.8,28.4,34.1,NA
25/05/2018,Pre,2,East,8,M,c,Fes,30,69,130,39.9,35.7,NA,30,69,130,39.9,35.7,37.8,NA
25/05/2018,Pre,2,East,9,M,a,Fes,30,4.6,145,40.5,39.2,NA,30,4.6,145,40.5,39.2,39.85,NA
25/05/2018,Pre,2,East,9,M,b,Rye,25,3.1,100,31.3,TS,NA,25,3.1,100,31.3,NA,31.3,NA
25/05/2018,Pre,2,East,9,M,c,Pha,25,7,140,28.7,25.2,NA,25,7,140,28.7,25.2,26.95,NA
25/05/2018,Pre,2,East,10,S,a,Rye,35,3.7,150,41.9,37.5,NA,35,3.7,150,41.9,37.5,39.7,NA
25/05/2018,Pre,2,East,11,S,a,Pha,25,6.2,120,29.9,38.3,NA,25,6.2,120,29.9,38.3,34.1,NA
25/05/2018,Pre,2,East,12,S,a,Pha,5,2.9,30,TS,NA,NA,5,2.9,30,NA,NA,NA,NA
25/05/2018,Pre,2,East,13,S,a,Rye,25,5,170,37.7,38.4,NA,25,5,170,37.7,38.4,38.05,NA
25/05/2018,Pre,2,East,14,M,a,Pha,5,dead,50,dead,NA,NA,5,NA,50,NA,NA,NA,NA
25/05/2018,Pre,2,East,14,M,b,Rye,25,3.3,150,40.4,TS,NA,25,3.3,150,40.4,NA,40.4,NA
25/05/2018,Pre,2,East,14,M,c,Fes,20,5.1,100,41.6,35.2,NA,20,5.1,100,41.6,35.2,38.4,NA
25/05/2018,Pre,2,East,15,S,a,Rye,20,2.4,90,TS,NA,NA,20,2.4,90,NA,NA,NA,NA
25/05/2018,Pre,2,East,16,S,a,Pha,20,5.9,80,27.9,27.4,NA,20,5.9,80,27.9,27.4,27.65,NA
25/05/2018,Pre,2,West,1,S,a,Pha,15,5.4,60,43.2,39.8,NA,15,5.4,60,43.2,39.8,41.5,NA
25/05/2018,Pre,2,West,2,S,a,Fes,20,0.8,70,TS,NA,NA,20,0.8,70,NA,NA,NA,NA
25/05/2018,Pre,2,West,3,S,a,Fes,25,4.9,180,41.1,44.2,NA,25,4.9,180,41.1,44.2,42.65,NA
25/05/2018,Pre,2,West,4,M,a,Pha,45,9,235,33.8,31.5,NA,45,9,235,33.8,31.5,32.65,NA
25/05/2018,Pre,2,West,4,M,b,Rye,40,4.5,225,32.9,34.3,NA,40,4.5,225,32.9,34.3,33.6,NA
25/05/2018,Pre,2,West,4,M,c,Fes,40,4.7,220,40.6,29.1,NA,40,4.7,220,40.6,29.1,34.85,NA
25/05/2018,Pre,2,West,5,S,a,Fes,35,5.5,170,40.1,39.3,NA,35,5.5,170,40.1,39.3,39.7,NA
25/05/2018,Pre,2,West,6,M,a,Fes,30,4.3,150,33.2,40.1,NA,30,4.3,150,33.2,40.1,36.65,NA
25/05/2018,Pre,2,West,6,M,b,Rye,40,3.7,170,42.2,42.2,NA,40,3.7,170,42.2,42.2,42.2,NA
25/05/2018,Pre,2,West,6,M,c,Pha,20,6.7,80,28.9,37.9,NA,20,6.7,80,28.9,37.9,33.4,NA
25/05/2018,Pre,2,West,7,S,a,Pha,30,8.4,160,26.4,35.6,NA,30,8.4,160,26.4,35.6,31,NA
25/05/2018,Pre,2,West,8,S,a,Fes,30,4.7,140,42.6,29.7,NA,30,4.7,140,42.6,29.7,36.15,NA
25/05/2018,Pre,2,West,9,S,a,Rye,40,3.6,150,37,35,NA,40,3.6,150,37,35,36,NA
25/05/2018,Pre,2,West,10,S,a,Rye,30,3.3,170,46,43.5,NA,30,3.3,170,46,43.5,44.75,NA
25/05/2018,Pre,2,West,11,M,a,Fes,20,4.5,120,31.7,34.3,NA,20,4.5,120,31.7,34.3,33,NA
25/05/2018,Pre,2,West,11,M,b,Pha,5,3.2,40,TS,NA,NA,5,3.2,40,NA,NA,NA,NA
25/05/2018,Pre,2,West,11,M,c,Rye,20,2.9,115,28.1,TS,NA,20,2.9,115,28.1,NA,28.1,NA
25/05/2018,Pre,2,West,12,S,a,Rye,55,5.4,220,46.8,47.5,NA,55,5.4,220,46.8,47.5,47.15,NA
25/05/2018,Pre,2,West,13,S,a,Pha,45,9.3,225,35.2,40.5,NA,45,9.3,225,35.2,40.5,37.85,NA
25/05/2018,Pre,2,West,14,S,a,Pha,20,4.5,80,20.5,26.9,NA,20,4.5,80,20.5,26.9,23.7,NA
25/05/2018,Pre,2,West,15,S,a,Rye,30,3.4,130,30.5,39.7,NA,30,3.4,130,30.5,39.7,35.1,NA
25/05/2018,Pre,2,West,16,M,a,Rye,50,4.5,200,50.3,36.9,NA,50,4.5,200,50.3,36.9,43.6,NA
25/05/2018,Pre,2,West,16,M,b,Fes,40,6.3,220,44.6,49.8,NA,40,6.3,220,44.6,49.8,47.2,NA
25/05/2018,Pre,2,West,16,M,c,Pha,30,2.5,75,42,TS,NA,30,2.5,75,42,NA,42,NA
25/05/2018,Pre,3,East,1,S,a,Pha,20,6.7,150,22.6,31.4,NA,20,6.7,150,22.6,31.4,27,NA
25/05/2018,Pre,3,East,2,S,a,Pha,30,7.1,115,24.9,22.1,NA,30,7.1,115,24.9,22.1,23.5,NA
25/05/2018,Pre,3,East,3,M,a,Fes,40,6.4,180,36.5,45.5,NA,40,6.4,180,36.5,45.5,41,NA
25/05/2018,Pre,3,East,3,M,b,Rye,40,5.1,220,35.6,32,NA,40,5.1,220,35.6,32,33.8,NA
25/05/2018,Pre,3,East,3,M,c,Pha,30,7.3,150,33,30.5,NA,30,7.3,150,33,30.5,31.75,NA
25/05/2018,Pre,3,East,4,S,a,Rye,30,2.6,145,31.6,36.7,NA,30,2.6,145,31.6,36.7,34.15,NA
25/05/2018,Pre,3,East,5,M,a,Fes,40,5.8,210,37.9,40.4,NA,40,5.8,210,37.9,40.4,39.15,NA
25/05/2018,Pre,3,East,5,M,b,Rye,20,2.9,105,33.1,36.3,NA,20,2.9,105,33.1,36.3,34.7,NA
25/05/2018,Pre,3,East,5,M,c,Pha,30,6.8,125,30.7,30.3,NA,30,6.8,125,30.7,30.3,30.5,NA
25/05/2018,Pre,3,East,6,S,a,Fes,20,4.8,135,37.1,38.3,NA,20,4.8,135,37.1,38.3,37.7,NA
25/05/2018,Pre,3,East,7,M,a,Fes,40,8.2,235,43.4,44,NA,40,8.2,235,43.4,44,43.7,NA
25/05/2018,Pre,3,East,7,M,b,Rye,15,3.8,100,30.9,39,NA,15,3.8,100,30.9,39,34.95,NA
25/05/2018,Pre,3,East,7,M,c,Pha,20,6,95,35.8,30.3,NA,20,6,95,35.8,30.3,33.05,NA
25/05/2018,Pre,3,East,8,S,a,Rye,40,3.5,165,34.8,39.1,NA,40,3.5,165,34.8,39.1,36.95,NA
25/05/2018,Pre,3,East,9,M,a,Fes,30,5.4,160,37.4,33.4,NA,30,5.4,160,37.4,33.4,35.4,NA
25/05/2018,Pre,3,East,9,M,b,Rye,15,1.8,100,TS,NA,NA,15,1.8,100,NA,NA,NA,NA
25/05/2018,Pre,3,East,9,M,c,Pha,15,5.2,90,33.9,30.3,NA,15,5.2,90,33.9,30.3,32.1,NA
25/05/2018,Pre,3,East,10,S,a,Fes,30,5.7,115,33,29.7,NA,30,5.7,115,33,29.7,31.35,NA
25/05/2018,Pre,3,East,11,S,a,Rye,30,4,130,38.7,36.7,NA,30,4,130,38.7,36.7,37.7,NA
25/05/2018,Pre,3,East,12,S,a,Rye,15,2.6,105,39.9,35.6,NA,15,2.6,105,39.9,35.6,37.75,NA
25/05/2018,Pre,3,East,13,S,a,Pha,25,8.3,155,24.5,23.1,NA,25,8.3,155,24.5,23.1,23.8,NA
25/05/2018,Pre,3,East,14,S,a,Fes,15,3.4,70,TS,NA,NA,15,3.4,70,NA,NA,NA,NA
25/05/2018,Pre,3,East,15,S,a,Fes,30,5.5,130,31.3,36.8,NA,30,5.5,130,31.3,36.8,34.05,NA
25/05/2018,Pre,3,East,16,S,a,Pha,45,8.9,200,29.7,34.8,NA,45,8.9,200,29.7,34.8,32.25,NA
25/05/2018,Pre,3,West,1,M,a,Fes,35,5.1,155,41,46.5,NA,35,5.1,155,41,46.5,43.75,NA
25/05/2018,Pre,3,West,1,M,b,Pha,20,5.8,60,26.1,29.3,NA,20,5.8,60,26.1,29.3,27.7,NA
25/05/2018,Pre,3,West,1,M,c,Rye,25,2.7,140,39.1,34.1,NA,25,2.7,140,39.1,34.1,36.6,NA
25/05/2018,Pre,3,West,2,S,a,Pha,25,6.8,100,32.9,30.6,NA,25,6.8,100,32.9,30.6,31.75,NA
25/05/2018,Pre,3,West,3,S,a,Fes,35,6.4,200,47.5,32.7,NA,35,6.4,200,47.5,32.7,40.1,NA
25/05/2018,Pre,3,West,4,S,a,Rye,25,3.2,105,39.3,37.3,NA,25,3.2,105,39.3,37.3,38.3,NA
25/05/2018,Pre,3,West,5,S,a,Pha,40,9,170,38.3,33.6,NA,40,9,170,38.3,33.6,35.95,NA
25/05/2018,Pre,3,West,6,M,a,Fes,15,4.3,90,28.7,28.4,NA,15,4.3,90,28.7,28.4,28.55,NA
25/05/2018,Pre,3,West,6,M,b,Pha,15,6.7,120,35.8,38.2,NA,15,6.7,120,35.8,38.2,37,NA
25/05/2018,Pre,3,West,6,M,c,Rye,30,3,165,45.7,44.9,NA,30,3,165,45.7,44.9,45.3,NA
25/05/2018,Pre,3,West,7,S,a,Fes,35,5.1,140,36,34.5,NA,35,5.1,140,36,34.5,35.25,NA
25/05/2018,Pre,3,West,8,S,a,Rye,25,2.9,130,41.1,37,NA,25,2.9,130,41.1,37,39.05,NA
25/05/2018,Pre,3,West,9,S,a,Fes,25,5.4,130,43.8,44,NA,25,5.4,130,43.8,44,43.9,NA
25/05/2018,Pre,3,West,10,M,a,Fes,30,7,210,37.7,29.7,NA,30,7,210,37.7,29.7,33.7,NA
25/05/2018,Pre,3,West,10,M,b,Rye,20,3.7,170,30.7,44.8,NA,20,3.7,170,30.7,44.8,37.75,NA
25/05/2018,Pre,3,West,10,M,c,Pha,20,8.5,120,40.7,33.5,NA,20,8.5,120,40.7,33.5,37.1,NA
25/05/2018,Pre,3,West,11,S,a,Pha,20,6.8,105,27,27.5,NA,20,6.8,105,27,27.5,27.25,NA
25/05/2018,Pre,3,West,12,S,a,Rye,25,3.6,130,40.2,44.5,NA,25,3.6,130,40.2,44.5,42.35,NA
25/05/2018,Pre,3,West,13,S,a,Pha,30,8.3,145,30.8,36.5,NA,30,8.3,145,30.8,36.5,33.65,NA
25/05/2018,Pre,3,West,14,S,a,Rye,50,5.1,225,50.6,38.4,NA,50,5.1,225,50.6,38.4,44.5,NA
25/05/2018,Pre,3,West,15,S,a,Fes,30,4,185,35.5,37.8,NA,30,4,185,35.5,37.8,36.65,NA
25/05/2018,Pre,3,West,16,M,a,Fes,40,6.3,235,42.4,38.5,NA,40,6.3,235,42.4,38.5,40.45,NA
25/05/2018,Pre,3,West,16,M,b,Pha,25,2.2,115,TS,NA,NA,25,2.2,115,NA,NA,NA,NA
25/05/2018,Pre,3,West,16,M,c,Rye,25,3.1,120,30,39.7,NA,25,3.1,120,30,39.7,34.85,NA
25/05/2018,Pre,4,East,1,M,a,Fes,30,5.4,165,29.1,32.3,NA,30,5.4,165,29.1,32.3,30.7,NA
25/05/2018,Pre,4,East,1,M,b,Rye,30,2,125,36.9,31.4,NA,30,2,125,36.9,31.4,34.15,NA
25/05/2018,Pre,4,East,1,M,c,Pha,25,6.5,100,29.4,30,NA,25,6.5,100,29.4,30,29.7,NA
25/05/2018,Pre,4,East,2,S,a,Pha,15,4.1,55,TS,NA,NA,15,4.1,55,NA,NA,NA,NA
25/05/2018,Pre,4,East,3,S,a,Rye,40,3.3,165,41.3,47,NA,40,3.3,165,41.3,47,44.15,NA
25/05/2018,Pre,4,East,4,S,a,Pha,20,6.2,105,34.8,29.9,NA,20,6.2,105,34.8,29.9,32.35,NA
25/05/2018,Pre,4,East,5,M,a,Pha,20,4.8,90,32.9,29.1,NA,20,4.8,90,32.9,29.1,31,NA
25/05/2018,Pre,4,East,5,M,b,Fes,35,6.3,195,31.7,36.4,NA,35,6.3,195,31.7,36.4,34.05,NA
25/05/2018,Pre,4,East,5,M,c,Rye,35,3.3,175,41.9,42.5,NA,35,3.3,175,41.9,42.5,42.2,NA
25/05/2018,Pre,4,East,6,S,a,Rye,35,3.4,180,39.3,39.4,NA,35,3.4,180,39.3,39.4,39.35,NA
25/05/2018,Pre,4,East,7,S,a,Fes,30,6.3,150,41.8,40.7,NA,30,6.3,150,41.8,40.7,41.25,NA
25/05/2018,Pre,4,East,8,S,a,Pha,1,1.9,30,TS,NA,NA,1,1.9,30,NA,NA,NA,NA
25/05/2018,Pre,4,East,9,S,a,Rye,25,2.9,130,36.2,34.3,NA,25,2.9,130,36.2,34.3,35.25,NA
25/05/2018,Pre,4,East,10,S,a,Pha,30,8.2,140,43.2,49.6,NA,30,8.2,140,43.2,49.6,46.4,NA
25/05/2018,Pre,4,East,11,M,a,Fes,40,6.8,240,48.8,38.1,NA,40,6.8,240,48.8,38.1,43.45,NA
25/05/2018,Pre,4,East,11,M,b,Rye,25,3.4,150,40.5,38.8,NA,25,3.4,150,40.5,38.8,39.65,NA
25/05/2018,Pre,4,East,11,M,c,Pha,35,7.8,175,33.6,30.5,NA,35,7.8,175,33.6,30.5,32.05,NA
25/05/2018,Pre,4,East,12,S,a,Fes,30,5.7,165,38.4,38,NA,30,5.7,165,38.4,38,38.2,NA
25/05/2018,Pre,4,East,13,S,a,Fes,40,6.5,175,41.3,38.3,NA,40,6.5,175,41.3,38.3,39.8,NA
25/05/2018,Pre,4,East,14,S,a,Fes,25,7.4,180,37.9,38.7,NA,25,7.4,180,37.9,38.7,38.3,NA
25/05/2018,Pre,4,East,15,S,a,Rye,35,3.8,190,47.6,41.3,NA,35,3.8,190,47.6,41.3,44.45,NA
25/05/2018,Pre,4,East,16,M,a,Fes,35,6.2,210,33.7,37.8,NA,35,6.2,210,33.7,37.8,35.75,NA
25/05/2018,Pre,4,East,16,M,b,Rye,25,3.5,185,37.3,34.9,NA,25,3.5,185,37.3,34.9,36.1,NA
25/05/2018,Pre,4,East,16,M,c,Pha,50,6.7,175,27.2,30.2,NA,50,6.7,175,27.2,30.2,28.7,NA
25/05/2018,Pre,4,West,1,S,a,Rye,30,3.1,150,39.4,30.3,NA,30,3.1,150,39.4,30.3,34.85,NA
25/05/2018,Pre,4,West,2,M,a,Pha,20,7,100,25.8,33.7,NA,20,7,100,25.8,33.7,29.75,NA
25/05/2018,Pre,4,West,2,M,b,Fes,15,4.2,100,29.8,30.7,NA,15,4.2,100,29.8,30.7,30.25,NA
25/05/2018,Pre,4,West,2,M,c,Rye,20,3.3,100,38.1,TS,NA,20,3.3,100,38.1,NA,38.1,NA
25/05/2018,Pre,4,West,3,S,a,Fes,30,4.6,125,39.9,35,NA,30,4.6,125,39.9,35,37.45,NA
25/05/2018,Pre,4,West,4,S,a,Fes,30,3.5,110,35.9,30.2,NA,30,3.5,110,35.9,30.2,33.05,NA
25/05/2018,Pre,4,West,5,S,a,Pha,30,5.9,110,34.4,40.7,NA,30,5.9,110,34.4,40.7,37.55,NA
25/05/2018,Pre,4,West,6,S,a,Rye,30,3.4,130,38,TS,NA,30,3.4,130,38,NA,38,NA
25/05/2018,Pre,4,West,7,M,a,Pha,15,6.7,70,29.3,30,NA,15,6.7,70,29.3,30,29.65,NA
25/05/2018,Pre,4,West,7,M,b,Fes,30,6.3,200,34.9,39.9,NA,30,6.3,200,34.9,39.9,37.4,NA
25/05/2018,Pre,4,West,7,M,c,Rye,30,3.8,140,38.8,42.8,NA,30,3.8,140,38.8,42.8,40.8,NA
25/05/2018,Pre,4,West,8,S,a,Rye,30,3.2,155,39.7,36.9,NA,30,3.2,155,39.7,36.9,38.3,NA
25/05/2018,Pre,4,West,9,S,a,Pha,20,8.7,115,38.2,36,NA,20,8.7,115,38.2,36,37.1,NA
25/05/2018,Pre,4,West,10,S,a,Pha,15,4.4,55,33.5,TS,NA,15,4.4,55,33.5,NA,33.5,NA
25/05/2018,Pre,4,West,11,S,a,Pha,25,7.6,100,37.1,40.1,NA,25,7.6,100,37.1,40.1,38.6,NA
25/05/2018,Pre,4,West,12,M,a,Rye,40,3.6,170,41.1,37.8,NA,40,3.6,170,41.1,37.8,39.45,NA
25/05/2018,Pre,4,West,12,M,b,Pha,20,6.7,110,35.5,33.4,NA,20,6.7,110,35.5,33.4,34.45,NA
25/05/2018,Pre,4,West,12,M,c,Fes,25,6.5,135,45.3,34.4,NA,25,6.5,135,45.3,34.4,39.85,NA
25/05/2018,Pre,4,West,13,S,a,Rye,60,4.8,210,38.7,43,NA,60,4.8,210,38.7,43,40.85,NA
25/05/2018,Pre,4,West,14,M,a,Fes,30,5.1,145,38.6,45.7,NA,30,5.1,145,38.6,45.7,42.15,NA
25/05/2018,Pre,4,West,14,M,b,Pha,10,1.4,60,TS,NA,NA,10,1.4,60,NA,NA,NA,NA
25/05/2018,Pre,4,West,14,M,c,Rye,20,3.1,110,38.5,37.9,NA,20,3.1,110,38.5,37.9,38.2,NA
25/05/2018,Pre,4,West,15,S,a,Fes,25,3.9,90,32.2,31.4,NA,25,3.9,90,32.2,31.4,31.8,NA
25/05/2018,Pre,4,West,16,S,a,Fes,30,6,145,35.6,35.7,NA,30,6,145,35.6,35.7,35.65,NA
25/05/2018,Pre,5,East,1,S,a,Pha,1,2.8,50,TS,NA,NA,1,2.8,50,NA,NA,NA,NA
25/05/2018,Pre,5,East,2,S,a,Fes,30,4.6,130,43.6,40.1,NA,30,4.6,130,43.6,40.1,41.85,NA
25/05/2018,Pre,5,East,3,S,a,Rye,20,3.8,125,38.6,30.9,NA,20,3.8,125,38.6,30.9,34.75,NA
25/05/2018,Pre,5,East,4,S,a,Rye,30,3.7,120,31.5,27.6,NA,30,3.7,120,31.5,27.6,29.55,NA
25/05/2018,Pre,5,East,5,S,a,Fes,20,3.2,105,38.4,TS,NA,20,3.2,105,38.4,NA,38.4,NA
25/05/2018,Pre,5,East,6,M,a,Fes,5,2.5,90,TS,NA,NA,5,2.5,90,NA,NA,NA,NA
25/05/2018,Pre,5,East,6,M,b,Pha,10,4.7,60,32,TS,NA,10,4.7,60,32,NA,32,NA
25/05/2018,Pre,5,East,6,M,c,Rye,10,2.3,30,TS,NA,NA,10,2.3,30,NA,NA,NA,NA
25/05/2018,Pre,5,East,7,S,a,Pha,10,3.1,55,TS,NA,NA,10,3.1,55,NA,NA,NA,NA
25/05/2018,Pre,5,East,8,S,a,Rye,10,2.5,90,36,35.8,NA,10,2.5,90,36,35.8,35.9,NA
25/05/2018,Pre,5,East,9,S,a,Pha,10,5.1,75,22.9,33,NA,10,5.1,75,22.9,33,27.95,NA
25/05/2018,Pre,5,East,10,M,a,Rye,30,3.8,165,38.4,41.4,NA,30,3.8,165,38.4,41.4,39.9,NA
25/05/2018,Pre,5,East,10,M,b,Fes,1,0.9,25,TS,NA,NA,1,0.9,25,NA,NA,NA,NA
25/05/2018,Pre,5,East,10,M,c,Pha,1,3.3,30,TS,NA,NA,1,3.3,30,NA,NA,NA,NA
25/05/2018,Pre,5,East,11,S,a,Pha,dead,dead,dead,dead,dead,NA,NA,NA,NA,NA,NA,NA,NA
25/05/2018,Pre,5,East,12,M,a,Fes,15,3.2,100,29.7,TS,NA,15,3.2,100,29.7,NA,29.7,NA
25/05/2018,Pre,5,East,12,M,b,Pha,10,4.7,45,34.1,TS,NA,10,4.7,45,34.1,NA,34.1,NA
25/05/2018,Pre,5,East,12,M,c,Rye,35,3.1,160,39.6,TS,NA,35,3.1,160,39.6,NA,39.6,NA
25/05/2018,Pre,5,East,13,S,a,Fes,5,0.9,30,TS,NA,NA,5,0.9,30,NA,NA,NA,NA
25/05/2018,Pre,5,East,14,S,a,Fes,15,2.4,80,TS,NA,NA,15,2.4,80,NA,NA,NA,NA
25/05/2018,Pre,5,East,15,M,a,Rye,20,2.9,115,41.4,41.8,NA,20,2.9,115,41.4,41.8,41.6,NA
25/05/2018,Pre,5,East,15,M,b,Fes,5,2.8,30,TS,NA,NA,5,2.8,30,NA,NA,NA,NA
25/05/2018,Pre,5,East,15,M,c,Pha,5,6,45,29.5,38.4,NA,5,6,45,29.5,38.4,33.95,NA
25/05/2018,Pre,5,East,16,S,a,Rye,15,2.4,80,TS,NA,NA,15,2.4,80,NA,NA,NA,NA
25/05/2018,Pre,5,West,1,S,a,Fes,30,4.8,150,41.5,32.9,NA,30,4.8,150,41.5,32.9,37.2,NA
25/05/2018,Pre,5,West,2,S,a,Rye,40,3.8,170,39.3,46.3,NA,40,3.8,170,39.3,46.3,42.8,NA
25/05/2018,Pre,5,West,3,S,a,Rye,25,3.5,150,41.5,32.5,NA,25,3.5,150,41.5,32.5,37,NA
25/05/2018,Pre,5,West,4,M,a,Pha,30,6.7,130,40.5,31.7,NA,30,6.7,130,40.5,31.7,36.1,NA
25/05/2018,Pre,5,West,4,M,b,Fes,25,2.4,65,27.8,27.8,NA,25,2.4,65,27.8,27.8,27.8,NA
25/05/2018,Pre,5,West,4,M,c,Rye,25,2.9,120,39.2,TS,NA,25,2.9,120,39.2,NA,39.2,NA
25/05/2018,Pre,5,West,5,S,a,Pha,5,2.2,55,TS,NA,NA,5,2.2,55,NA,NA,NA,NA
25/05/2018,Pre,5,West,6,S,a,Fes,10,3.2,90,27,TS,NA,10,3.2,90,27,NA,27,NA
25/05/2018,Pre,5,West,7,S,a,Pha,25,5.2,75,37.7,21.7,NA,25,5.2,75,37.7,21.7,29.7,NA
25/05/2018,Pre,5,West,8,M,a,Pha,20,6.8,120,36.7,41.7,NA,20,6.8,120,36.7,41.7,39.2,NA
25/05/2018,Pre,5,West,8,M,b,Fes,20,4.5,130,31.3,29,NA,20,4.5,130,31.3,29,30.15,NA
25/05/2018,Pre,5,West,8,M,c,Rye,25,3.4,120,43.5,TS,NA,25,3.4,120,43.5,NA,43.5,NA
25/05/2018,Pre,5,West,9,S,a,Fes,30,6.6,160,40.2,39.2,NA,30,6.6,160,40.2,39.2,39.7,NA
25/05/2018,Pre,5,West,10,M,a,Pha,15,4.2,60,28.7,29.7,NA,15,4.2,60,28.7,29.7,29.2,NA
25/05/2018,Pre,5,West,10,M,b,Rye,35,3.8,150,42.3,51.3,NA,35,3.8,150,42.3,51.3,46.8,NA
25/05/2018,Pre,5,West,10,M,c,Fes,25,4.6,135,39,39.6,NA,25,4.6,135,39,39.6,39.3,NA
25/05/2018,Pre,5,West,11,S,a,Pha,10,6.9,105,42.2,38.1,NA,10,6.9,105,42.2,38.1,40.15,NA
25/05/2018,Pre,5,West,12,S,a,Pha,15,3.9,65,26.9,33,NA,15,3.9,65,26.9,33,29.95,NA
25/05/2018,Pre,5,West,13,S,a,Rye,25,4,165,44.3,43,NA,25,4,165,44.3,43,43.65,NA
25/05/2018,Pre,5,West,14,S,a,Fes,15,2,85,TS,NA,NA,15,2,85,NA,NA,NA,NA
25/05/2018,Pre,5,West,15,M,a,Pha,15,7.1,85,33.8,26.3,NA,15,7.1,85,33.8,26.3,30.05,NA
25/05/2018,Pre,5,West,15,M,b,Fes,10,2,75,TS,NA,NA,10,2,75,NA,NA,NA,NA
25/05/2018,Pre,5,West,15,M,c,Rye,30,4.2,145,37.7,40.5,NA,30,4.2,145,37.7,40.5,39.1,NA
25/05/2018,Pre,5,West,16,S,a,Rye,20,2.1,90,TS,NA,NA,20,2.1,90,NA,NA,NA,NA
25/05/2018,Pre,6,East,1,M,a,Rye,30,4.2,130,41.5,42.4,NA,30,4.2,130,41.5,42.4,41.95,NA
25/05/2018,Pre,6,East,1,M,b,Fes,30,5.2,185,42.4,35.4,NA,30,5.2,185,42.4,35.4,38.9,NA
25/05/2018,Pre,6,East,1,M,c,Pha,10,4.2,55,TS,NA,NA,10,4.2,55,NA,NA,NA,NA
25/05/2018,Pre,6,East,2,S,a,Fes,15,2.9,130,33.6,26.8,NA,15,2.9,130,33.6,26.8,30.2,NA
25/05/2018,Pre,6,East,3,S,a,Rye,20,2.3,115,36.1,38.3,NA,20,2.3,115,36.1,38.3,37.2,NA
25/05/2018,Pre,6,East,4,S,a,Rye,25,3,155,40.9,35.9,NA,25,3,155,40.9,35.9,38.4,NA
25/05/2018,Pre,6,East,5,M,a,Fes,25,4.7,140,35.3,34.5,NA,25,4.7,140,35.3,34.5,34.9,NA
25/05/2018,Pre,6,East,5,M,b,Rye,10,0.5,75,TS,NA,NA,10,0.5,75,NA,NA,NA,NA
25/05/2018,Pre,6,East,5,M,c,Pha,15,4.8,85,31.8,26.9,NA,15,4.8,85,31.8,26.9,29.35,NA
25/05/2018,Pre,6,East,6,S,a,Fes,25,5.6,155,35.8,38.8,NA,25,5.6,155,35.8,38.8,37.3,NA
25/05/2018,Pre,6,East,7,S,a,Pha,15,6.7,75,37.3,30.5,NA,15,6.7,75,37.3,30.5,33.9,NA
25/05/2018,Pre,6,East,8,S,a,Rye,15,0.7,65,TS,NA,NA,15,0.7,65,NA,NA,NA,NA
25/05/2018,Pre,6,East,9,S,a,Rye,20,1.3,85,TS,NA,NA,20,1.3,85,NA,NA,NA,NA
25/05/2018,Pre,6,East,10,S,a,Pha,5,2.9,50,24.2,TS,NA,5,2.9,50,24.2,NA,24.2,NA
25/05/2018,Pre,6,East,11,M,a,Fes,10,2.4,65,TS,NA,NA,10,2.4,65,NA,NA,NA,NA
25/05/2018,Pre,6,East,11,M,b,Rye,15,1.2,80,TS,NA,NA,15,1.2,80,NA,NA,NA,NA
25/05/2018,Pre,6,East,11,M,c,Pha,20,4.8,70,42.9,TS,NA,20,4.8,70,42.9,NA,42.9,NA
25/05/2018,Pre,6,East,12,S,a,Pha,20,6.1,95,29.4,24.6,NA,20,6.1,95,29.4,24.6,27,NA
25/05/2018,Pre,6,East,13,S,a,Fes,15,1.1,80,TS,NA,NA,15,1.1,80,NA,NA,NA,NA
25/05/2018,Pre,6,East,14,S,a,Pha,15,5.2,65,35.3,26.4,NA,15,5.2,65,35.3,26.4,30.85,NA
25/05/2018,Pre,6,East,15,M,a,Rye,20,2,135,41.1,39.7,NA,20,2,135,41.1,39.7,40.4,NA
25/05/2018,Pre,6,East,15,M,b,Pha,1,1.8,45,TS,NA,NA,1,1.8,45,NA,NA,NA,NA
25/05/2018,Pre,6,East,15,M,c,Fes,10,1.3,65,TS,NA,NA,10,1.3,65,NA,NA,NA,NA
25/05/2018,Pre,6,East,16,S,a,Fes,10,3.4,90,26.6,28.3,NA,10,3.4,90,26.6,28.3,27.45,NA
25/05/2018,Pre,6,West,1,S,a,Fes,25,5.8,160,39.8,40.8,NA,25,5.8,160,39.8,40.8,40.3,NA
25/05/2018,Pre,6,West,2,S,a,Pha,20,8.8,145,31.4,37.2,NA,20,8.8,145,31.4,37.2,34.3,NA
25/05/2018,Pre,6,West,3,M,a,Fes,20,4.6,150,29.9,38,NA,20,4.6,150,29.9,38,33.95,NA
25/05/2018,Pre,6,West,3,M,b,Pha,15,4.7,65,20.6,TS,NA,15,4.7,65,20.6,NA,20.6,NA
25/05/2018,Pre,6,West,3,M,c,Rye,10,2.7,120,39.7,37.9,NA,10,2.7,120,39.7,37.9,38.8,NA
25/05/2018,Pre,6,West,4,S,a,Rye,20,3.3,120,35.6,30.6,NA,20,3.3,120,35.6,30.6,33.1,NA
25/05/2018,Pre,6,West,5,M,a,Pha,40,10.7,205,29.9,38.6,NA,40,10.7,205,29.9,38.6,34.25,NA
25/05/2018,Pre,6,West,5,M,b,Fes,10,0.8,65,TS,NA,NA,10,0.8,65,NA,NA,NA,NA
25/05/2018,Pre,6,West,5,M,c,Rye,20,4,145,42.4,40.6,NA,20,4,145,42.4,40.6,41.5,NA
25/05/2018,Pre,6,West,6,S,a,Pha,15,5.2,85,47.7,31.2,NA,15,5.2,85,47.7,31.2,39.45,NA
25/05/2018,Pre,6,West,7,S,a,Rye,15,2.9,130,38,38.2,NA,15,2.9,130,38,38.2,38.1,NA
25/05/2018,Pre,6,West,8,S,a,Fes,20,4.9,115,34.1,33.6,NA,20,4.9,115,34.1,33.6,33.85,NA
25/05/2018,Pre,6,West,9,S,a,Rye,30,2.9,130,38,38.2,NA,30,2.9,130,38,38.2,38.1,NA
25/05/2018,Pre,6,West,10,M,a,Fes,20,3.5,90,36.3,TS,NA,20,3.5,90,36.3,NA,36.3,NA
25/05/2018,Pre,6,West,10,M,b,Rye,20,2.9,90,TS,NA,NA,20,2.9,90,NA,NA,NA,NA
25/05/2018,Pre,6,West,10,M,c,Pha,5,2.6,35,TS,NA,NA,5,2.6,35,NA,NA,NA,NA
25/05/2018,Pre,6,West,11,S,a,Fes,25,3.6,150,32.7,28.7,NA,25,3.6,150,32.7,28.7,30.7,NA
25/05/2018,Pre,6,West,12,S,a,Pha,10,5.7,60,33.5,38.3,NA,10,5.7,60,33.5,38.3,35.9,NA
25/05/2018,Pre,6,West,13,S,a,Pha,25,7.1,100,29.2,24.5,NA,25,7.1,100,29.2,24.5,26.85,NA
25/05/2018,Pre,6,West,14,M,a,Rye,35,4.1,160,45.1,41.5,NA,35,4.1,160,45.1,41.5,43.3,NA
25/05/2018,Pre,6,West,14,M,b,Pha,35,9,175,47.2,42.4,NA,35,9,175,47.2,42.4,44.8,NA
25/05/2018,Pre,6,West,14,M,c,Fes,65,10,330,32.3,37.4,NA,65,10,330,32.3,37.4,34.85,NA
25/05/2018,Pre,6,West,15,S,a,Fes,30,5.4,130,35,33,NA,30,5.4,130,35,33,34,NA
25/05/2018,Pre,6,West,16,S,a,Rye,25,4.2,150,41,37.9,NA,25,4.2,150,41,37.9,39.45,NA
30/05/2018,Pre,1,East,1,S,a,Pha,dead,dead,dead,dead,dead,NA,NA,NA,NA,NA,NA,NA,NA
30/05/2018,Pre,1,East,2,S,a,Rye,40,3.6,240,41.5,42.8,NA,40,3.6,240,41.5,42.8,42.15,NA
30/05/2018,Pre,1,East,3,S,a,Rye,45,4.3,200,33.9,38.8,NA,45,4.3,200,33.9,38.8,36.35,NA
30/05/2018,Pre,1,East,4,S,a,Pha,45,9.3,210,44.8,38.7,NA,45,9.3,210,44.8,38.7,41.75,NA
30/05/2018,Pre,1,East,5,M,a,Pha,40,8.1,170,40.6,42.8,NA,40,8.1,170,40.6,42.8,41.7,NA
30/05/2018,Pre,1,East,5,M,b,Fes,40,6.9,220,31.4,38.6,NA,40,6.9,220,31.4,38.6,35,NA
30/05/2018,Pre,1,East,5,M,c,Rye,30,3.7,145,28.8,35.7,NA,30,3.7,145,28.8,35.7,32.25,NA
30/05/2018,Pre,1,East,6,S,a,Rye,40,4.1,175,35.8,43.8,NA,40,4.1,175,35.8,43.8,39.8,NA
30/05/2018,Pre,1,East,7,S,a,Fes,30,5.1,135,28.3,38.8,NA,30,5.1,135,28.3,38.8,33.55,NA
30/05/2018,Pre,1,East,8,S,a,Fes,20,3.9,125,37.5,41.1,NA,20,3.9,125,37.5,41.1,39.3,NA
30/05/2018,Pre,1,East,9,S,a,Rye,30,3.6,195,39.9,40.8,NA,30,3.6,195,39.9,40.8,40.35,NA
30/05/2018,Pre,1,East,10,M,a,Pha,15,4.8,50,TS,NA,NA,15,4.8,50,NA,NA,NA,NA
30/05/2018,Pre,1,East,10,M,b,Rye,40,4,195,40.4,32.6,NA,40,4,195,40.4,32.6,36.5,NA
30/05/2018,Pre,1,East,10,M,c,Fes,25,3.6,115,28.6,TS,NA,25,3.6,115,28.6,NA,28.6,NA
30/05/2018,Pre,1,East,11,S,a,Pha,70,10.5,295,43.7,35,NA,70,10.5,295,43.7,35,39.35,NA
30/05/2018,Pre,1,East,12,M,a,Fes,40,4.8,175,38.7,35,NA,40,4.8,175,38.7,35,36.85,NA
30/05/2018,Pre,1,East,12,M,b,Rye,20,2.9,130,35.9,30.4,NA,20,2.9,130,35.9,30.4,33.15,NA
30/05/2018,Pre,1,East,12,M,c,Pha,15,4.4,45,22.3,TS,NA,15,4.4,45,22.3,NA,22.3,NA
30/05/2018,Pre,1,East,13,S,a,Pha,25,6.4,115,31.2,25.9,NA,25,6.4,115,31.2,25.9,28.55,NA
30/05/2018,Pre,1,East,14,S,a,Fes,25,4.4,135,41.7,38.4,NA,25,4.4,135,41.7,38.4,40.05,NA
30/05/2018,Pre,1,East,15,S,a,Fes,25,4.5,115,32.1,31.2,NA,25,4.5,115,32.1,31.2,31.65,NA
30/05/2018,Pre,1,East,16,M,a,Fes,35,5.3,175,31.9,35.5,NA,35,5.3,175,31.9,35.5,33.7,NA
30/05/2018,Pre,1,East,16,M,b,Rye,30,2.5,150,28.8,TS,NA,30,2.5,150,28.8,NA,28.8,NA
30/05/2018,Pre,1,East,16,M,c,Pha,20,5.2,80,38.9,20.9,NA,20,5.2,80,38.9,20.9,29.9,NA
30/05/2018,Pre,1,West,1,S,a,Pha,30,8.2,145,30.5,27,NA,30,8.2,145,30.5,27,28.75,NA
30/05/2018,Pre,1,West,2,M,a,Rye,35,2.5,105,40.9,32.7,NA,35,2.5,105,40.9,32.7,36.8,NA
30/05/2018,Pre,1,West,2,M,b,Pha,30,6.8,145,24.8,23.1,NA,30,6.8,145,24.8,23.1,23.95,NA
30/05/2018,Pre,1,West,2,M,c,Fes,55,7.5,285,40.2,43.6,NA,55,7.5,285,40.2,43.6,41.9,NA
30/05/2018,Pre,1,West,3,S,a,Pha,25,7.1,95,32.1,27.4,NA,25,7.1,95,32.1,27.4,29.75,NA
30/05/2018,Pre,1,West,4,S,a,Rye,25,2.9,100,32,39.7,NA,25,2.9,100,32,39.7,35.85,NA
30/05/2018,Pre,1,West,5,S,a,Pha,35,7,115,26.7,19.8,NA,35,7,115,26.7,19.8,23.25,NA
30/05/2018,Pre,1,West,6,S,a,Fes,40,4.8,140,33.8,28.8,NA,40,4.8,140,33.8,28.8,31.3,NA
30/05/2018,Pre,1,West,7,M,a,Fes,40,5.5,175,37.6,37.1,NA,40,5.5,175,37.6,37.1,37.35,NA
30/05/2018,Pre,1,West,7,M,b,Pha,20,5.1,75,26.6,22.9,NA,20,5.1,75,26.6,22.9,24.75,NA
30/05/2018,Pre,1,West,7,M,c,Rye,35,2.4,160,41.2,35.7,NA,35,2.4,160,41.2,35.7,38.45,NA
30/05/2018,Pre,1,West,8,S,a,Rye,30,3.6,200,40.9,44.7,NA,30,3.6,200,40.9,44.7,42.8,NA
30/05/2018,Pre,1,West,9,S,a,Rye,35,3.7,180,40.8,40.8,NA,35,3.7,180,40.8,40.8,40.8,NA
30/05/2018,Pre,1,West,10,S,a,Fes,40,4.8,155,35.3,30.4,NA,40,4.8,155,35.3,30.4,32.85,NA
30/05/2018,Pre,1,West,11,M,a,Fes,35,5.4,160,32.7,37.3,NA,35,5.4,160,32.7,37.3,35,NA
30/05/2018,Pre,1,West,11,M,b,Rye,35,4,160,33.3,33.6,NA,35,4,160,33.3,33.6,33.45,NA
30/05/2018,Pre,1,West,11,M,c,Pha,20,9,140,29.8,32.8,NA,20,9,140,29.8,32.8,31.3,NA
30/05/2018,Pre,1,West,12,S,a,Fes,45,7.3,215,41.5,33.7,NA,45,7.3,215,41.5,33.7,37.6,NA
30/05/2018,Pre,1,West,13,S,a,Rye,40,4.8,240,37.3,39.7,NA,40,4.8,240,37.3,39.7,38.5,NA
30/05/2018,Pre,1,West,14,M,a,Pha,20,7.6,165,22.7,25.7,NA,20,7.6,165,22.7,25.7,24.2,NA
30/05/2018,Pre,1,West,14,M,b,Rye,30,2.7,165,36.6,55,NA,30,2.7,165,36.6,55,45.8,NA
30/05/2018,Pre,1,West,14,M,c,Fes,45,6.3,190,33.1,32.6,NA,45,6.3,190,33.1,32.6,32.85,NA
30/05/2018,Pre,1,West,15,S,a,Pha,20,7,90,25.3,22.4,NA,20,7,90,25.3,22.4,23.85,NA
30/05/2018,Pre,1,West,16,S,a,Fes,40,5.2,170,35.8,37.8,NA,40,5.2,170,35.8,37.8,36.8,NA
30/05/2018,Pre,2,East,1,S,a,Rye,25,3.4,135,36.6,37.2,NA,25,3.4,135,36.6,37.2,36.9,NA
30/05/2018,Pre,2,East,2,S,a,Fes,20,1.7,90,TS,NA,NA,20,1.7,90,NA,NA,NA,NA
30/05/2018,Pre,2,East,3,M,a,Fes,40,6,195,39,41.9,NA,40,6,195,39,41.9,40.45,NA
30/05/2018,Pre,2,East,3,M,b,Rye,40,3.3,180,41.9,44.7,NA,40,3.3,180,41.9,44.7,43.3,NA
30/05/2018,Pre,2,East,3,M,c,Pha,20,5.6,80,44.5,42.6,NA,20,5.6,80,44.5,42.6,43.55,NA
30/05/2018,Pre,2,East,4,S,a,Fes,50,6.9,220,42,43.7,NA,50,6.9,220,42,43.7,42.85,NA
30/05/2018,Pre,2,East,5,S,a,Fes,40,6.9,180,53,48.8,NA,40,6.9,180,53,48.8,50.9,NA
30/05/2018,Pre,2,East,6,S,a,Fes,20,3.2,120,29.5,26.9,NA,20,3.2,120,29.5,26.9,28.2,NA
30/05/2018,Pre,2,East,7,S,a,Rye,10,2.6,100,TS,NA,NA,10,2.6,100,NA,NA,NA,NA
30/05/2018,Pre,2,East,8,M,a,Pha,40,10.8,215,33.6,44.2,NA,40,10.8,215,33.6,44.2,38.9,NA
30/05/2018,Pre,2,East,8,M,b,Rye,30,3,150,34.7,28.4,NA,30,3,150,34.7,28.4,31.55,NA
30/05/2018,Pre,2,East,8,M,c,Fes,45,5.3,180,43.2,41.2,NA,45,5.3,180,43.2,41.2,42.2,NA
30/05/2018,Pre,2,East,9,M,a,Fes,40,5.8,185,33.8,40.7,NA,40,5.8,185,33.8,40.7,37.25,NA
30/05/2018,Pre,2,East,9,M,b,Rye,25,2.7,145,36.1,31,NA,25,2.7,145,36.1,31,33.55,NA
30/05/2018,Pre,2,East,9,M,c,Pha,20,7.1,145,25.6,37,NA,20,7.1,145,25.6,37,31.3,NA
30/05/2018,Pre,2,East,10,S,a,Rye,30,4,210,32.9,32.4,NA,30,4,210,32.9,32.4,32.65,NA
30/05/2018,Pre,2,East,11,S,a,Pha,40,7.6,145,36.6,30.8,NA,40,7.6,145,36.6,30.8,33.7,NA
30/05/2018,Pre,2,East,12,S,a,Pha,10,5.2,30,TS,NA,NA,10,5.2,30,NA,NA,NA,NA
30/05/2018,Pre,2,East,13,S,a,Rye,40,4.8,210,46.6,46.6,NA,40,4.8,210,46.6,46.6,46.6,NA
30/05/2018,Pre,2,East,14,M,a,Pha,15,3,40,TS,NA,NA,15,3,40,NA,NA,NA,NA
30/05/2018,Pre,2,East,14,M,b,Rye,35,3.6,160,38.1,36.5,NA,35,3.6,160,38.1,36.5,37.3,NA
30/05/2018,Pre,2,East,14,M,c,Fes,20,4.8,100,36.1,38.3,NA,20,4.8,100,36.1,38.3,37.2,NA
30/05/2018,Pre,2,East,15,S,a,Rye,15,2.9,95,36.3,TS,NA,15,2.9,95,36.3,NA,36.3,NA
30/05/2018,Pre,2,East,16,S,a,Pha,25,6.5,70,23.6,33.4,NA,25,6.5,70,23.6,33.4,28.5,NA
30/05/2018,Pre,2,West,1,S,a,Pha,35,5.9,65,43.4,35.3,NA,35,5.9,65,43.4,35.3,39.35,NA
30/05/2018,Pre,2,West,2,S,a,Fes,15,1,50,TS,NA,NA,15,1,50,NA,NA,NA,NA
30/05/2018,Pre,2,West,3,S,a,Fes,45,5.8,245,46,36.9,NA,45,5.8,245,46,36.9,41.45,NA
30/05/2018,Pre,2,West,4,M,a,Pha,55,9.2,210,43.5,38.5,NA,55,9.2,210,43.5,38.5,41,NA
30/05/2018,Pre,2,West,4,M,b,Rye,50,7,220,42.4,31.6,NA,50,7,220,42.4,31.6,37,NA
30/05/2018,Pre,2,West,4,M,c,Fes,65,6.5,215,37.4,38.3,NA,65,6.5,215,37.4,38.3,37.85,NA
30/05/2018,Pre,2,West,5,S,a,Fes,30,5,165,43.4,37.3,NA,30,5,165,43.4,37.3,40.35,NA
30/05/2018,Pre,2,West,6,M,a,Fes,40,4,155,45.9,33.2,NA,40,4,155,45.9,33.2,39.55,NA
30/05/2018,Pre,2,West,6,M,b,Rye,40,4.6,195,48.8,48.5,NA,40,4.6,195,48.8,48.5,48.65,NA
30/05/2018,Pre,2,West,6,M,c,Pha,40,6.9,85,37.5,21.5,NA,40,6.9,85,37.5,21.5,29.5,NA
30/05/2018,Pre,2,West,7,S,a,Pha,40,9.2,160,32.4,39.1,NA,40,9.2,160,32.4,39.1,35.75,NA
30/05/2018,Pre,2,West,8,S,a,Fes,40,4.9,160,35.4,42.9,NA,40,4.9,160,35.4,42.9,39.15,NA
30/05/2018,Pre,2,West,9,S,a,Rye,35,3.6,185,43,39.8,NA,35,3.6,185,43,39.8,41.4,NA
30/05/2018,Pre,2,West,10,S,a,Rye,55,4.1,180,49.8,44.9,NA,55,4.1,180,49.8,44.9,47.35,NA
30/05/2018,Pre,2,West,11,M,a,Fes,25,4.5,115,37.6,31.3,NA,25,4.5,115,37.6,31.3,34.45,NA
30/05/2018,Pre,2,West,11,M,b,Pha,5,3.4,30,TS,NA,NA,5,3.4,30,NA,NA,NA,NA
30/05/2018,Pre,2,West,11,M,c,Rye,20,3.2,115,39.5,44.3,NA,20,3.2,115,39.5,44.3,41.9,NA
30/05/2018,Pre,2,West,12,S,a,Rye,60,5.1,220,35.1,48.1,NA,60,5.1,220,35.1,48.1,41.6,NA
30/05/2018,Pre,2,West,13,S,a,Pha,45,10.4,210,30.9,32.1,NA,45,10.4,210,30.9,32.1,31.5,NA
30/05/2018,Pre,2,West,14,S,a,Pha,30,5.3,90,22.2,25.1,NA,30,5.3,90,22.2,25.1,23.65,NA
30/05/2018,Pre,2,West,15,S,a,Rye,35,3,130,41.5,41.7,NA,35,3,130,41.5,41.7,41.6,NA
30/05/2018,Pre,2,West,16,M,a,Rye,40,4.7,220,48.6,48.7,NA,40,4.7,220,48.6,48.7,48.65,NA
30/05/2018,Pre,2,West,16,M,b,Fes,35,6.6,195,52.6,40.1,NA,35,6.6,195,52.6,40.1,46.35,NA
30/05/2018,Pre,2,West,16,M,c,Pha,30,3.4,90,45,41.7,NA,30,3.4,90,45,41.7,43.35,NA
30/05/2018,Pre,3,East,1,S,a,Pha,30,6.8,115,30.9,27.2,NA,30,6.8,115,30.9,27.2,29.05,NA
30/05/2018,Pre,3,East,2,S,a,Pha,35,8.9,135,26.1,36,NA,35,8.9,135,26.1,36,31.05,NA
30/05/2018,Pre,3,East,3,M,a,Fes,50,6.9,210,42.6,36.9,NA,50,6.9,210,42.6,36.9,39.75,NA
30/05/2018,Pre,3,East,3,M,b,Rye,70,5.6,250,44.8,36.1,NA,70,5.6,250,44.8,36.1,40.45,NA
30/05/2018,Pre,3,East,3,M,c,Pha,35,8.9,130,36.2,36,NA,35,8.9,130,36.2,36,36.1,NA
30/05/2018,Pre,3,East,4,S,a,Rye,30,3.9,160,34.9,30.2,NA,30,3.9,160,34.9,30.2,32.55,NA
30/05/2018,Pre,3,East,5,M,a,Fes,40,6.4,210,36.5,40.3,NA,40,6.4,210,36.5,40.3,38.4,NA
30/05/2018,Pre,3,East,5,M,b,Rye,30,3.6,125,33.9,38,NA,30,3.6,125,33.9,38,35.95,NA
30/05/2018,Pre,3,East,5,M,c,Pha,40,9.6,140,34.2,27.6,NA,40,9.6,140,34.2,27.6,30.9,NA
30/05/2018,Pre,3,East,6,S,a,Fes,35,5.8,200,32.2,40.5,NA,35,5.8,200,32.2,40.5,36.35,NA
30/05/2018,Pre,3,East,7,M,a,Fes,55,7.7,220,44,44.2,NA,55,7.7,220,44,44.2,44.1,NA
30/05/2018,Pre,3,East,7,M,b,Rye,20,2.8,100,TS,NA,NA,20,2.8,100,NA,NA,NA,NA
30/05/2018,Pre,3,East,7,M,c,Pha,20,6.9,100,29.8,25.8,NA,20,6.9,100,29.8,25.8,27.8,NA
30/05/2018,Pre,3,East,8,S,a,Rye,35,3.9,185,33.2,37.4,NA,35,3.9,185,33.2,37.4,35.3,NA
30/05/2018,Pre,3,East,9,M,a,Fes,35,5.7,145,27,32.2,NA,35,5.7,145,27,32.2,29.6,NA
30/05/2018,Pre,3,East,9,M,b,Rye,25,2.3,80,TS,NA,NA,25,2.3,80,NA,NA,NA,NA
30/05/2018,Pre,3,East,9,M,c,Pha,20,6,90,32.4,28,NA,20,6,90,32.4,28,30.2,NA
30/05/2018,Pre,3,East,10,S,a,Fes,30,5.7,125,34,37.9,NA,30,5.7,125,34,37.9,35.95,NA
30/05/2018,Pre,3,East,11,S,a,Rye,25,3.9,150,35.1,38.5,NA,25,3.9,150,35.1,38.5,36.8,NA
30/05/2018,Pre,3,East,12,S,a,Rye,25,3.1,80,38.2,32.6,NA,25,3.1,80,38.2,32.6,35.4,NA
30/05/2018,Pre,3,East,13,S,a,Pha,35,8.9,165,29.3,36,NA,35,8.9,165,29.3,36,32.65,NA
30/05/2018,Pre,3,East,14,S,a,Fes,15,2.9,80,34.2,TS,NA,15,2.9,80,34.2,NA,34.2,NA
30/05/2018,Pre,3,East,15,S,a,Fes,30,4.8,170,38.1,31.3,NA,30,4.8,170,38.1,31.3,34.7,NA
30/05/2018,Pre,3,East,16,S,a,Pha,40,9.3,220,27.9,31,NA,40,9.3,220,27.9,31,29.45,NA
30/05/2018,Pre,3,West,1,M,a,Fes,30,8.5,175,46.9,35.8,NA,30,8.5,175,46.9,35.8,41.35,NA
30/05/2018,Pre,3,West,1,M,b,Pha,25,5.9,75,27.7,27.7,NA,25,5.9,75,27.7,27.7,27.7,NA
30/05/2018,Pre,3,West,1,M,c,Rye,20,3.3,120,29.6,29.4,NA,20,3.3,120,29.6,29.4,29.5,NA
30/05/2018,Pre,3,West,2,S,a,Pha,20,7.6,110,31.1,29,NA,20,7.6,110,31.1,29,30.05,NA
30/05/2018,Pre,3,West,3,S,a,Fes,30,6.4,190,50.2,38.4,NA,30,6.4,190,50.2,38.4,44.3,NA
30/05/2018,Pre,3,West,4,S,a,Rye,30,2.6,115,39.7,39.3,NA,30,2.6,115,39.7,39.3,39.5,NA
30/05/2018,Pre,3,West,5,S,a,Pha,35,9.7,160,28.7,33.4,NA,35,9.7,160,28.7,33.4,31.05,NA
30/05/2018,Pre,3,West,6,M,a,Fes,20,5.5,85,33.2,27.7,NA,20,5.5,85,33.2,27.7,30.45,NA
30/05/2018,Pre,3,West,6,M,b,Pha,20,7.5,110,35.9,39.8,NA,20,7.5,110,35.9,39.8,37.85,NA
30/05/2018,Pre,3,West,6,M,c,Rye,40,3.6,140,34.6,38.2,NA,40,3.6,140,34.6,38.2,36.4,NA
30/05/2018,Pre,3,West,7,S,a,Fes,35,5.7,150,35,41.2,NA,35,5.7,150,35,41.2,38.1,NA
30/05/2018,Pre,3,West,8,S,a,Rye,30,3.9,125,43.7,36.4,NA,30,3.9,125,43.7,36.4,40.05,NA
30/05/2018,Pre,3,West,9,S,a,Fes,25,6.1,145,43.2,34.3,NA,25,6.1,145,43.2,34.3,38.75,NA
30/05/2018,Pre,3,West,10,M,a,Fes,30,5.8,180,36.7,33.7,NA,30,5.8,180,36.7,33.7,35.2,NA
30/05/2018,Pre,3,West,10,M,b,Rye,40,3.9,155,37.7,40.8,NA,40,3.9,155,37.7,40.8,39.25,NA
30/05/2018,Pre,3,West,10,M,c,Pha,25,8.1,110,32.9,38.8,NA,25,8.1,110,32.9,38.8,35.85,NA
30/05/2018,Pre,3,West,11,S,a,Pha,20,6.4,100,28.6,26.1,NA,20,6.4,100,28.6,26.1,27.35,NA
30/05/2018,Pre,3,West,12,S,a,Rye,35,3.4,125,32.1,41.2,NA,35,3.4,125,32.1,41.2,36.65,NA
30/05/2018,Pre,3,West,13,S,a,Pha,30,8.3,160,35.2,27.8,NA,30,8.3,160,35.2,27.8,31.5,NA
30/05/2018,Pre,3,West,14,S,a,Rye,55,5,255,48.3,38.8,NA,55,5,255,48.3,38.8,43.55,NA
30/05/2018,Pre,3,West,15,S,a,Fes,25,5.2,185,32.2,38.3,NA,25,5.2,185,32.2,38.3,35.25,NA
30/05/2018,Pre,3,West,16,M,a,Fes,40,6.3,190,42.8,40.8,NA,40,6.3,190,42.8,40.8,41.8,NA
30/05/2018,Pre,3,West,16,M,b,Pha,15,2.6,130,44.2,TS,NA,15,2.6,130,44.2,NA,44.2,NA
30/05/2018,Pre,3,West,16,M,c,Rye,20,3.4,120,34,44.4,NA,20,3.4,120,34,44.4,39.2,NA
30/05/2018,Pre,4,East,1,M,a,Fes,35,5,170,35.5,34.7,NA,35,5,170,35.5,34.7,35.1,NA
30/05/2018,Pre,4,East,1,M,b,Rye,30,3.3,115,38.7,34.9,NA,30,3.3,115,38.7,34.9,36.8,NA
30/05/2018,Pre,4,East,1,M,c,Pha,25,7.3,100,26.8,TS,NA,25,7.3,100,26.8,NA,26.8,NA
30/05/2018,Pre,4,East,2,S,a,Pha,20,4.8,55,37.5,43.3,NA,20,4.8,55,37.5,43.3,40.4,NA
30/05/2018,Pre,4,East,3,S,a,Rye,35,4.5,185,29.8,25.2,NA,35,4.5,185,29.8,25.2,27.5,NA
30/05/2018,Pre,4,East,4,S,a,Pha,20,9.1,105,26.2,34.4,NA,20,9.1,105,26.2,34.4,30.3,NA
30/05/2018,Pre,4,East,5,M,a,Pha,20,6.9,115,34.9,37.6,NA,20,6.9,115,34.9,37.6,36.25,NA
30/05/2018,Pre,4,East,5,M,b,Fes,35,6.8,170,33.6,32.9,NA,35,6.8,170,33.6,32.9,33.25,NA
30/05/2018,Pre,4,East,5,M,c,Rye,35,3.6,185,38.7,33,NA,35,3.6,185,38.7,33,35.85,NA
30/05/2018,Pre,4,East,6,S,a,Rye,40,3.8,190,44,34.9,NA,40,3.8,190,44,34.9,39.45,NA
30/05/2018,Pre,4,East,7,S,a,Fes,40,6.5,155,35.8,41.5,NA,40,6.5,155,35.8,41.5,38.65,NA
30/05/2018,Pre,4,East,8,S,a,Pha,5,2.5,30,TS,NA,NA,5,2.5,30,NA,NA,NA,NA
30/05/2018,Pre,4,East,9,S,a,Rye,40,3.8,130,39.8,43.3,NA,40,3.8,130,39.8,43.3,41.55,NA
30/05/2018,Pre,4,East,10,S,a,Pha,40,9,140,39.1,38.5,NA,40,9,140,39.1,38.5,38.8,NA
30/05/2018,Pre,4,East,11,M,a,Fes,40,8.4,220,42.1,40.5,NA,40,8.4,220,42.1,40.5,41.3,NA
30/05/2018,Pre,4,East,11,M,b,Rye,40,3.4,160,39.2,38.3,NA,40,3.4,160,39.2,38.3,38.75,NA
30/05/2018,Pre,4,East,11,M,c,Pha,35,9.4,175,31.3,37.6,NA,35,9.4,175,31.3,37.6,34.45,NA
30/05/2018,Pre,4,East,12,S,a,Fes,30,5.3,175,33.8,35.2,NA,30,5.3,175,33.8,35.2,34.5,NA
30/05/2018,Pre,4,East,13,S,a,Fes,40,7.5,185,43.9,40.7,NA,40,7.5,185,43.9,40.7,42.3,NA
30/05/2018,Pre,4,East,14,S,a,Fes,40,7.3,195,33.8,39.9,NA,40,7.3,195,33.8,39.9,36.85,NA
30/05/2018,Pre,4,East,15,S,a,Rye,35,3.8,210,39.4,43.3,NA,35,3.8,210,39.4,43.3,41.35,NA
30/05/2018,Pre,4,East,16,M,a,Fes,40,5.8,165,40.4,35.8,NA,40,5.8,165,40.4,35.8,38.1,NA
30/05/2018,Pre,4,East,16,M,b,Rye,45,3.6,170,34.1,30.9,NA,45,3.6,170,34.1,30.9,32.5,NA
30/05/2018,Pre,4,East,16,M,c,Pha,50,11.3,185,30,33.2,NA,50,11.3,185,30,33.2,31.6,NA
30/05/2018,Pre,4,West,1,S,a,Rye,40,4.3,145,34.1,43.1,NA,40,4.3,145,34.1,43.1,38.6,NA
30/05/2018,Pre,4,West,2,M,a,Pha,30,6.9,115,30.5,24.7,NA,30,6.9,115,30.5,24.7,27.6,NA
30/05/2018,Pre,4,West,2,M,b,Fes,25,5.8,155,39,34.5,NA,25,5.8,155,39,34.5,36.75,NA
30/05/2018,Pre,4,West,2,M,c,Rye,20,3.5,115,38.1,TS,NA,20,3.5,115,38.1,NA,38.1,NA
30/05/2018,Pre,4,West,3,S,a,Fes,30,5.7,175,36.6,37.9,NA,30,5.7,175,36.6,37.9,37.25,NA
30/05/2018,Pre,4,West,4,S,a,Fes,30,3.8,120,39.1,32.1,NA,30,3.8,120,39.1,32.1,35.6,NA
30/05/2018,Pre,4,West,5,S,a,Pha,30,7.3,125,37.3,38.5,NA,30,7.3,125,37.3,38.5,37.9,NA
30/05/2018,Pre,4,West,6,S,a,Rye,30,3.8,130,37.7,38.3,NA,30,3.8,130,37.7,38.3,38,NA
30/05/2018,Pre,4,West,7,M,a,Pha,20,6.4,75,32.3,32.6,NA,20,6.4,75,32.3,32.6,32.45,NA
30/05/2018,Pre,4,West,7,M,b,Fes,35,6,200,31.1,38.7,NA,35,6,200,31.1,38.7,34.9,NA
30/05/2018,Pre,4,West,7,M,c,Rye,35,3.5,135,32.9,35.4,NA,35,3.5,135,32.9,35.4,34.15,NA
30/05/2018,Pre,4,West,8,S,a,Rye,30,4.1,195,40.4,38.3,NA,30,4.1,195,40.4,38.3,39.35,NA
30/05/2018,Pre,4,West,9,S,a,Pha,35,8.4,125,37.9,34.1,NA,35,8.4,125,37.9,34.1,36,NA
30/05/2018,Pre,4,West,10,S,a,Pha,15,4.6,70,22.3,30.6,NA,15,4.6,70,22.3,30.6,26.45,NA
30/05/2018,Pre,4,West,11,S,a,Pha,30,9.5,110,38.9,33.2,NA,30,9.5,110,38.9,33.2,36.05,NA
30/05/2018,Pre,4,West,12,M,a,Rye,40,4.1,150,39.3,36.5,NA,40,4.1,150,39.3,36.5,37.9,NA
30/05/2018,Pre,4,West,12,M,b,Pha,20,8.3,120,33,36.8,NA,20,8.3,120,33,36.8,34.9,NA
30/05/2018,Pre,4,West,12,M,c,Fes,40,6,175,41.3,40,NA,40,6,175,41.3,40,40.65,NA
30/05/2018,Pre,4,West,13,S,a,Rye,45,4.7,180,37.7,32,NA,45,4.7,180,37.7,32,34.85,NA
30/05/2018,Pre,4,West,14,M,a,Fes,30,5.6,140,35.9,32.6,NA,30,5.6,140,35.9,32.6,34.25,NA
30/05/2018,Pre,4,West,14,M,b,Pha,10,4.4,45,TS,NA,NA,10,4.4,45,NA,NA,NA,NA
30/05/2018,Pre,4,West,14,M,c,Rye,15,3.1,100,40.7,TS,NA,15,3.1,100,40.7,NA,40.7,NA
30/05/2018,Pre,4,West,15,S,a,Fes,20,4.7,105,35.1,28.6,NA,20,4.7,105,35.1,28.6,31.85,NA
30/05/2018,Pre,4,West,16,S,a,Fes,30,5.7,145,33.2,41,NA,30,5.7,145,33.2,41,37.1,NA
30/05/2018,Pre,5,East,1,S,a,Pha,10,4.6,55,TS,NA,NA,10,4.6,55,NA,NA,NA,NA
30/05/2018,Pre,5,East,2,S,a,Fes,35,5.6,150,41.6,37.5,NA,35,5.6,150,41.6,37.5,39.55,NA
30/05/2018,Pre,5,East,3,S,a,Rye,20,3.6,140,39.1,32.9,NA,20,3.6,140,39.1,32.9,36,NA
30/05/2018,Pre,5,East,4,S,a,Rye,30,3.7,145,40.7,41.3,NA,30,3.7,145,40.7,41.3,41,NA
30/05/2018,Pre,5,East,5,S,a,Fes,20,3.6,95,40.6,34.6,NA,20,3.6,95,40.6,34.6,37.6,NA
30/05/2018,Pre,5,East,6,M,a,Fes,15,3.6,85,31.9,TS,NA,15,3.6,85,31.9,NA,31.9,NA
30/05/2018,Pre,5,East,6,M,b,Pha,20,5.3,55,28.4,34.5,NA,20,5.3,55,28.4,34.5,31.45,NA
30/05/2018,Pre,5,East,6,M,c,Rye,15,2.8,95,30.8,35.1,NA,15,2.8,95,30.8,35.1,32.95,NA
30/05/2018,Pre,5,East,7,S,a,Pha,10,5.9,45,TS,NA,NA,10,5.9,45,NA,NA,NA,NA
30/05/2018,Pre,5,East,8,S,a,Rye,20,3.4,95,42.1,41.8,NA,20,3.4,95,42.1,41.8,41.95,NA
30/05/2018,Pre,5,East,9,S,a,Pha,20,6.7,80,34.6,35.6,NA,20,6.7,80,34.6,35.6,35.1,NA
30/05/2018,Pre,5,East,10,M,a,Rye,35,4.2,160,45.8,38.3,NA,35,4.2,160,45.8,38.3,42.05,NA
30/05/2018,Pre,5,East,10,M,b,Fes,5,1.4,30,TS,NA,NA,5,1.4,30,NA,NA,NA,NA
30/05/2018,Pre,5,East,10,M,c,Pha,15,4.9,50,30.9,TS,NA,15,4.9,50,30.9,NA,30.9,NA
30/05/2018,Pre,5,East,11,S,a,Pha,dead,dead,dead,dead,dead,NA,NA,NA,NA,NA,NA,NA,NA
30/05/2018,Pre,5,East,12,M,a,Fes,35,4.5,100,33.7,28.6,NA,35,4.5,100,33.7,28.6,31.15,NA
30/05/2018,Pre,5,East,12,M,b,Pha,20,5.8,40,34.4,26.5,NA,20,5.8,40,34.4,26.5,30.45,NA
30/05/2018,Pre,5,East,12,M,c,Rye,10,4,165,37.7,40.8,NA,10,4,165,37.7,40.8,39.25,NA
30/05/2018,Pre,5,East,13,S,a,Fes,10,0.9,30,TS,NA,NA,10,0.9,30,NA,NA,NA,NA
30/05/2018,Pre,5,East,14,S,a,Fes,15,2.9,80,TS,NA,NA,15,2.9,80,NA,NA,NA,NA
30/05/2018,Pre,5,East,15,M,a,Rye,30,4.1,120,38.1,42.7,NA,30,4.1,120,38.1,42.7,40.4,NA
30/05/2018,Pre,5,East,15,M,b,Fes,20,3.1,65,29.7,TS,NA,20,3.1,65,29.7,NA,29.7,NA
30/05/2018,Pre,5,East,15,M,c,Pha,10,6.9,60,33.4,37.4,NA,10,6.9,60,33.4,37.4,35.4,NA
30/05/2018,Pre,5,East,16,S,a,Rye,20,2.8,105,36.2,33.3,NA,20,2.8,105,36.2,33.3,34.75,NA
30/05/2018,Pre,5,West,1,S,a,Fes,35,5.4,165,40.8,41.9,NA,35,5.4,165,40.8,41.9,41.35,NA
30/05/2018,Pre,5,West,2,S,a,Rye,30,3.5,185,46.8,34.1,NA,30,3.5,185,46.8,34.1,40.45,NA
30/05/2018,Pre,5,West,3,S,a,Rye,35,4.6,130,45.8,39.5,NA,35,4.6,130,45.8,39.5,42.65,NA
30/05/2018,Pre,5,West,4,M,a,Pha,30,8.3,125,32.8,25.6,NA,30,8.3,125,32.8,25.6,29.2,NA
30/05/2018,Pre,5,West,4,M,b,Fes,15,1.6,90,26.4,32.3,NA,15,1.6,90,26.4,32.3,29.35,NA
30/05/2018,Pre,5,West,4,M,c,Rye,20,2.2,95,37.6,38.6,NA,20,2.2,95,37.6,38.6,38.1,NA
30/05/2018,Pre,5,West,5,S,a,Pha,10,2.1,30,TS,NA,NA,10,2.1,30,NA,NA,NA,NA
30/05/2018,Pre,5,West,6,S,a,Fes,20,4.1,105,32.4,32.3,NA,20,4.1,105,32.4,32.3,32.35,NA
30/05/2018,Pre,5,West,7,S,a,Pha,30,6.9,75,33.8,34.2,NA,30,6.9,75,33.8,34.2,34,NA
30/05/2018,Pre,5,West,8,M,a,Pha,25,8,120,42.8,38.9,NA,25,8,120,42.8,38.9,40.85,NA
30/05/2018,Pre,5,West,8,M,b,Fes,25,4.6,135,34.6,31.6,NA,25,4.6,135,34.6,31.6,33.1,NA
30/05/2018,Pre,5,West,8,M,c,Rye,25,3.8,130,38.2,41.6,NA,25,3.8,130,38.2,41.6,39.9,NA
30/05/2018,Pre,5,West,9,S,a,Fes,40,6.6,185,38.8,42.2,NA,40,6.6,185,38.8,42.2,40.5,NA
30/05/2018,Pre,5,West,10,M,a,Pha,15,5.9,60,23.8,27.9,NA,15,5.9,60,23.8,27.9,25.85,NA
30/05/2018,Pre,5,West,10,M,b,Rye,45,3.6,155,53.7,52.2,NA,45,3.6,155,53.7,52.2,52.95,NA
30/05/2018,Pre,5,West,10,M,c,Fes,30,5.1,140,36.7,30.5,NA,30,5.1,140,36.7,30.5,33.6,NA
30/05/2018,Pre,5,West,11,S,a,Pha,15,7.7,100,24.9,39.2,NA,15,7.7,100,24.9,39.2,32.05,NA
30/05/2018,Pre,5,West,12,S,a,Pha,15,5.5,75,37.1,27.5,NA,15,5.5,75,37.1,27.5,32.3,NA
30/05/2018,Pre,5,West,13,S,a,Rye,35,4.4,150,43.4,47.6,NA,35,4.4,150,43.4,47.6,45.5,NA
30/05/2018,Pre,5,West,14,S,a,Fes,20,3.1,60,37.7,TS,NA,20,3.1,60,37.7,NA,37.7,NA
30/05/2018,Pre,5,West,15,M,a,Pha,25,7,95,33.9,24,NA,25,7,95,33.9,24,28.95,NA
30/05/2018,Pre,5,West,15,M,b,Fes,15,2.3,65,TS,NA,NA,15,2.3,65,NA,NA,NA,NA
30/05/2018,Pre,5,West,15,M,c,Rye,35,3.7,150,46.8,31.8,NA,35,3.7,150,46.8,31.8,39.3,NA
30/05/2018,Pre,5,West,16,S,a,Rye,20,3,90,39.4,TS,NA,20,3,90,39.4,NA,39.4,NA
30/05/2018,Pre,6,East,1,M,a,Rye,25,4.1,145,34.6,45.4,NA,25,4.1,145,34.6,45.4,40,NA
30/05/2018,Pre,6,East,1,M,b,Fes,40,6.3,175,43.9,42.3,NA,40,6.3,175,43.9,42.3,43.1,NA
30/05/2018,Pre,6,East,1,M,c,Pha,10,4.2,35,38.2,TS,NA,10,4.2,35,38.2,NA,38.2,NA
30/05/2018,Pre,6,East,2,S,a,Fes,20,4,90,34.7,41.5,NA,20,4,90,34.7,41.5,38.1,NA
30/05/2018,Pre,6,East,3,S,a,Rye,20,3.3,125,35.1,40.6,NA,20,3.3,125,35.1,40.6,37.85,NA
30/05/2018,Pre,6,East,4,S,a,Rye,35,3.3,140,37.6,32.2,NA,35,3.3,140,37.6,32.2,34.9,NA
30/05/2018,Pre,6,East,5,M,a,Fes,20,5.5,165,32.1,37.9,NA,20,5.5,165,32.1,37.9,35,NA
30/05/2018,Pre,6,East,5,M,b,Rye,15,2.1,85,TS,NA,NA,15,2.1,85,NA,NA,NA,NA
30/05/2018,Pre,6,East,5,M,c,Pha,20,6.4,95,35.4,37.5,NA,20,6.4,95,35.4,37.5,36.45,NA
30/05/2018,Pre,6,East,6,S,a,Fes,20,6.1,165,38.3,33.2,NA,20,6.1,165,38.3,33.2,35.75,NA
30/05/2018,Pre,6,East,7,S,a,Pha,15,7.1,85,44,37.7,NA,15,7.1,85,44,37.7,40.85,NA
30/05/2018,Pre,6,East,8,S,a,Rye,10,0.6,65,TS,NA,NA,10,0.6,65,NA,NA,NA,NA
30/05/2018,Pre,6,East,9,S,a,Rye,15,2.5,90,42,TS,NA,15,2.5,90,42,NA,42,NA
30/05/2018,Pre,6,East,10,S,a,Pha,10,4.3,45,TS,NA,NA,10,4.3,45,NA,NA,NA,NA
30/05/2018,Pre,6,East,11,M,a,Fes,15,2.4,75,TS,NA,NA,15,2.4,75,NA,NA,NA,NA
30/05/2018,Pre,6,East,11,M,b,Rye,15,1.4,80,37.1,TS,NA,15,1.4,80,37.1,NA,37.1,NA
30/05/2018,Pre,6,East,11,M,c,Pha,20,3.6,70,45.5,46.3,NA,20,3.6,70,45.5,46.3,45.9,NA
30/05/2018,Pre,6,East,12,S,a,Pha,20,8,100,34.2,34.9,NA,20,8,100,34.2,34.9,34.55,NA
30/05/2018,Pre,6,East,13,S,a,Fes,10,3.6,80,TS,NA,NA,10,3.6,80,NA,NA,NA,NA
30/05/2018,Pre,6,East,14,S,a,Pha,15,6.7,75,32.1,25.4,NA,15,6.7,75,32.1,25.4,28.75,NA
30/05/2018,Pre,6,East,15,M,a,Rye,20,1.6,135,41.2,47.2,NA,20,1.6,135,41.2,47.2,44.2,NA
30/05/2018,Pre,6,East,15,M,b,Pha,5,2.3,35,TS,NA,NA,5,2.3,35,NA,NA,NA,NA
30/05/2018,Pre,6,East,15,M,c,Fes,10,0.8,50,TS,NA,NA,10,0.8,50,NA,NA,NA,NA
30/05/2018,Pre,6,East,16,S,a,Fes,15,4.1,100,27.2,TS,NA,15,4.1,100,27.2,NA,27.2,NA
30/05/2018,Pre,6,West,1,S,a,Fes,20,5.1,155,42,43.2,NA,20,5.1,155,42,43.2,42.6,NA
30/05/2018,Pre,6,West,2,S,a,Pha,20,9,140,34.6,34.3,NA,20,9,140,34.6,34.3,34.45,NA
30/05/2018,Pre,6,West,3,M,a,Fes,30,4.3,150,28.8,33.1,NA,30,4.3,150,28.8,33.1,30.95,NA
30/05/2018,Pre,6,West,3,M,b,Pha,15,6.3,70,32.8,29.9,NA,15,6.3,70,32.8,29.9,31.35,NA
30/05/2018,Pre,6,West,3,M,c,Rye,25,3.7,130,44.2,41.4,NA,25,3.7,130,44.2,41.4,42.8,NA
30/05/2018,Pre,6,West,4,S,a,Rye,15,3.4,135,37.4,38.9,NA,15,3.4,135,37.4,38.9,38.15,NA
30/05/2018,Pre,6,West,5,M,a,Pha,40,10.7,200,35.2,38.5,NA,40,10.7,200,35.2,38.5,36.85,NA
30/05/2018,Pre,6,West,5,M,b,Fes,15,2.8,95,TS,NA,NA,15,2.8,95,NA,NA,NA,NA
30/05/2018,Pre,6,West,5,M,c,Rye,20,4.1,150,47.5,37.6,NA,20,4.1,150,47.5,37.6,42.55,NA
30/05/2018,Pre,6,West,6,S,a,Pha,20,6.8,100,28.8,32.4,NA,20,6.8,100,28.8,32.4,30.6,NA
30/05/2018,Pre,6,West,7,S,a,Rye,15,2.8,120,28,TS,NA,15,2.8,120,28,NA,28,NA
30/05/2018,Pre,6,West,8,S,a,Fes,20,4.1,150,47.5,37.6,NA,20,4.1,150,47.5,37.6,42.55,NA
30/05/2018,Pre,6,West,9,S,a,Rye,20,3.4,125,40.2,35.3,NA,20,3.4,125,40.2,35.3,37.75,NA
30/05/2018,Pre,6,West,10,M,a,Fes,15,4.1,90,31.5,28.5,NA,15,4.1,90,31.5,28.5,30,NA
30/05/2018,Pre,6,West,10,M,b,Rye,20,2.7,85,40.4,43.3,NA,20,2.7,85,40.4,43.3,41.85,NA
30/05/2018,Pre,6,West,10,M,c,Pha,5,2.8,40,TS,NA,NA,5,2.8,40,NA,NA,NA,NA
30/05/2018,Pre,6,West,11,S,a,Fes,25,6,145,31.3,34.4,NA,25,6,145,31.3,34.4,32.85,NA
30/05/2018,Pre,6,West,12,S,a,Pha,10,6.3,60,29.5,28.9,NA,10,6.3,60,29.5,28.9,29.2,NA
30/05/2018,Pre,6,West,13,S,a,Pha,25,8.1,125,34.2,33.9,NA,25,8.1,125,34.2,33.9,34.05,NA
30/05/2018,Pre,6,West,14,M,a,Rye,40,4.1,180,44.8,44.7,NA,40,4.1,180,44.8,44.7,44.75,NA
30/05/2018,Pre,6,West,14,M,b,Pha,30,9.3,135,36.9,41.9,NA,30,9.3,135,36.9,41.9,39.4,NA
30/05/2018,Pre,6,West,14,M,c,Fes,55,8.2,290,40.6,47.2,NA,55,8.2,290,40.6,47.2,43.9,NA
30/05/2018,Pre,6,West,15,S,a,Fes,30,5,140,37,30.4,NA,30,5,140,37,30.4,33.7,NA
30/05/2018,Pre,6,West,16,S,a,Rye,25,4.5,160,34,32.2,NA,25,4.5,160,34,32.2,33.1,NA
20/06/2018,Treatment,1,East,1,S,a,Pha,dead,dead,dead,dead,dead,dead,NA,NA,NA,NA,NA,NA,NA
20/06/2018,Treatment,1,East,2,S,a,Rye,50,NA,NA,37.7,40.2,19,50,NA,NA,37.7,40.2,19,NA
20/06/2018,Treatment,1,East,3,S,a,Rye,45,NA,NA,42.4,31.1,14,45,NA,NA,42.4,31.1,14,NA
20/06/2018,Treatment,1,East,4,S,a,Pha,90,NA,NA,34.5,36.2,12,90,NA,NA,34.5,36.2,12,NA
20/06/2018,Treatment,1,East,5,M,a,Pha,40,NA,NA,29.7,33.5,9,40,NA,NA,29.7,33.5,9,NA
20/06/2018,Treatment,1,East,5,M,b,Fes,50,NA,NA,36.9,35.7,12,50,NA,NA,36.9,35.7,12,NA
20/06/2018,Treatment,1,East,5,M,c,Rye,40,NA,NA,36.2,38.9,19,40,NA,NA,36.2,38.9,19,NA
20/06/2018,Treatment,1,East,6,S,a,Rye,70,NA,NA,38.6,46.1,16,70,NA,NA,38.6,46.1,16,NA
20/06/2018,Treatment,1,East,7,S,a,Fes,45,NA,NA,39.8,40.9,5,45,NA,NA,39.8,40.9,5,NA
20/06/2018,Treatment,1,East,8,S,a,Fes,40,NA,NA,43.6,43.5,2,40,NA,NA,43.6,43.5,2,NA
20/06/2018,Treatment,1,East,9,S,a,Rye,70,NA,NA,41,42.1,8,70,NA,NA,41,42.1,8,NA
20/06/2018,Treatment,1,East,10,M,a,Pha,60,NA,NA,31.1,33.5,4,60,NA,NA,31.1,33.5,4,NA
20/06/2018,Treatment,1,East,10,M,b,Rye,55,NA,NA,46.6,36.2,15,55,NA,NA,46.6,36.2,15,NA
20/06/2018,Treatment,1,East,10,M,c,Fes,35,NA,NA,36.7,27.1,3,35,NA,NA,36.7,27.1,3,NA
20/06/2018,Treatment,1,East,11,S,a,Pha,105,NA,NA,36.6,35.2,15,105,NA,NA,36.6,35.2,15,NA
20/06/2018,Treatment,1,East,12,M,a,Fes,40,NA,NA,42.8,37.2,4,40,NA,NA,42.8,37.2,4,NA
20/06/2018,Treatment,1,East,12,M,b,Rye,50,NA,NA,34.8,38.3,7,50,NA,NA,34.8,38.3,7,NA
20/06/2018,Treatment,1,East,12,M,c,Pha,50,NA,NA,24.3,28.4,1,50,NA,NA,24.3,28.4,1,NA
20/06/2018,Treatment,1,East,13,S,a,Pha,30,NA,NA,26.5,28.9,9,30,NA,NA,26.5,28.9,9,NA
20/06/2018,Treatment,1,East,14,S,a,Fes,35,NA,NA,39.9,36.6,9,35,NA,NA,39.9,36.6,9,NA
20/06/2018,Treatment,1,East,15,S,a,Fes,40,NA,NA,28.3,35.4,5,40,NA,NA,28.3,35.4,5,NA
20/06/2018,Treatment,1,East,16,M,a,Fes,45,NA,NA,37,30.7,6,45,NA,NA,37,30.7,6,NA
20/06/2018,Treatment,1,East,16,M,b,Rye,45,NA,NA,34.9,40.4,6,45,NA,NA,34.9,40.4,6,NA
20/06/2018,Treatment,1,East,16,M,c,Pha,35,NA,NA,23.1,28.8,5,35,NA,NA,23.1,28.8,5,NA
20/06/2018,Treatment,1,West,1,S,a,Pha,55,NA,NA,28.45,27.5,6,55,NA,NA,28.45,27.5,6,NA
20/06/2018,Treatment,1,West,2,M,a,Rye,40,NA,NA,39.1,31.1,9,40,NA,NA,39.1,31.1,9,NA
20/06/2018,Treatment,1,West,2,M,b,Pha,50,NA,NA,34.3,24.8,6,50,NA,NA,34.3,24.8,6,NA
20/06/2018,Treatment,1,West,2,M,c,Fes,75,NA,NA,43.5,45.3,15,75,NA,NA,43.5,45.3,15,NA
20/06/2018,Treatment,1,West,3,S,a,Pha,50,NA,NA,30,36.3,4,50,NA,NA,30,36.3,4,NA
20/06/2018,Treatment,1,West,4,S,a,Rye,50,NA,NA,39.9,34,10,50,NA,NA,39.9,34,10,NA
20/06/2018,Treatment,1,West,5,S,a,Pha,50,NA,NA,28.4,25.6,5,50,NA,NA,28.4,25.6,5,NA
20/06/2018,Treatment,1,West,6,S,a,Fes,45,NA,NA,46.1,29.8,7,45,NA,NA,46.1,29.8,7,NA
20/06/2018,Treatment,1,West,7,M,a,Fes,50,NA,NA,43.1,31,8,50,NA,NA,43.1,31,8,NA
20/06/2018,Treatment,1,West,7,M,b,Pha,30,NA,NA,26.8,30.1,6,30,NA,NA,26.8,30.1,6,NA
20/06/2018,Treatment,1,West,7,M,c,Rye,40,NA,NA,39.5,34.1,7,40,NA,NA,39.5,34.1,7,NA
20/06/2018,Treatment,1,West,8,S,a,Rye,60,NA,NA,39,50,35,60,NA,NA,39,50,35,NA
20/06/2018,Treatment,1,West,9,S,a,Rye,65,NA,NA,37.3,38.4,18,65,NA,NA,37.3,38.4,18,NA
20/06/2018,Treatment,1,West,10,S,a,Fes,40,NA,NA,42.3,40.7,14,40,NA,NA,42.3,40.7,14,NA
20/06/2018,Treatment,1,West,11,M,a,Fes,40,NA,NA,35.3,35.3,10,40,NA,NA,35.3,35.3,10,NA
20/06/2018,Treatment,1,West,11,M,b,Rye,40,NA,NA,38.8,36.2,12,40,NA,NA,38.8,36.2,12,NA
20/06/2018,Treatment,1,West,11,M,c,Pha,20,NA,NA,23.1,20.9,4,20,NA,NA,23.1,20.9,4,NA
20/06/2018,Treatment,1,West,12,S,a,Fes,65,NA,NA,34.8,37.5,16,65,NA,NA,34.8,37.5,16,NA
20/06/2018,Treatment,1,West,13,S,a,Rye,50,NA,NA,35.5,39.3,16,50,NA,NA,35.5,39.3,16,NA
20/06/2018,Treatment,1,West,14,M,a,Pha,40,NA,NA,32.7,35.9,11,40,NA,NA,32.7,35.9,11,NA
20/06/2018,Treatment,1,West,14,M,b,Rye,35,NA,NA,33.4,35.1,11,35,NA,NA,33.4,35.1,11,NA
20/06/2018,Treatment,1,West,14,M,c,Fes,40,NA,NA,36.5,38.7,5,40,NA,NA,36.5,38.7,5,NA
20/06/2018,Treatment,1,West,15,S,a,Pha,35,NA,NA,23.3,27.2,8,35,NA,NA,23.3,27.2,8,NA
20/06/2018,Treatment,1,West,16,S,a,Fes,50,NA,NA,30.1,39.1,7,50,NA,NA,30.1,39.1,7,NA
20/06/2018,Treatment,2,East,1,S,a,Rye,55,NA,NA,33.8,38.1,7,55,NA,NA,33.8,38.1,7,NA
20/06/2018,Treatment,2,East,2,S,a,Fes,25,NA,NA,30.9,34.4,2,25,NA,NA,30.9,34.4,2,NA
20/06/2018,Treatment,2,East,3,M,a,Fes,40,NA,NA,41.9,34.9,7,40,NA,NA,41.9,34.9,7,NA
20/06/2018,Treatment,2,East,3,M,b,Rye,70,NA,NA,44.7,45.1,27,70,NA,NA,44.7,45.1,27,NA
20/06/2018,Treatment,2,East,3,M,c,Pha,25,NA,NA,49.8,37.5,5,25,NA,NA,49.8,37.5,5,NA
20/06/2018,Treatment,2,East,4,S,a,Fes,50,NA,NA,43.8,43.9,12,50,NA,NA,43.8,43.9,12,NA
20/06/2018,Treatment,2,East,5,S,a,Fes,40,NA,NA,47.7,35.5,18,40,NA,NA,47.7,35.5,18,NA
20/06/2018,Treatment,2,East,6,S,a,Fes,40,NA,NA,37.4,34.3,8,40,NA,NA,37.4,34.3,8,NA
20/06/2018,Treatment,2,East,7,S,a,Rye,30,NA,NA,31.6,34.4,11,30,NA,NA,31.6,34.4,11,NA
20/06/2018,Treatment,2,East,8,M,a,Pha,55,NA,NA,28.9,36.2,20,55,NA,NA,28.9,36.2,20,NA
20/06/2018,Treatment,2,East,8,M,b,Rye,40,NA,NA,35.1,37.7,12,40,NA,NA,35.1,37.7,12,NA
20/06/2018,Treatment,2,East,8,M,c,Fes,40,NA,NA,42.2,41.1,11,40,NA,NA,42.2,41.1,11,NA
20/06/2018,Treatment,2,East,9,M,a,Fes,30,NA,NA,39.6,38.7,8,30,NA,NA,39.6,38.7,8,NA
20/06/2018,Treatment,2,East,9,M,b,Rye,40,NA,NA,30.2,35,8,40,NA,NA,30.2,35,8,NA
20/06/2018,Treatment,2,East,9,M,c,Pha,40,NA,NA,32.5,29.6,9,40,NA,NA,32.5,29.6,9,NA
20/06/2018,Treatment,2,East,10,S,a,Rye,50,NA,NA,46.4,31,19,50,NA,NA,46.4,31,19,NA
20/06/2018,Treatment,2,East,11,S,a,Pha,75,NA,NA,33.7,28.4,9,75,NA,NA,33.7,28.4,9,NA
20/06/2018,Treatment,2,East,12,S,a,Pha,20,NA,NA,29.1,23.8,1,20,NA,NA,29.1,23.8,1,NA
20/06/2018,Treatment,2,East,13,S,a,Rye,60,NA,NA,42.9,41.2,43,60,NA,NA,42.9,41.2,43,NA
20/06/2018,Treatment,2,East,14,M,a,Pha,20,NA,NA,31.2,TS,1,20,NA,NA,31.2,NA,1,NA
20/06/2018,Treatment,2,East,14,M,b,Rye,50,NA,NA,32.5,39.2,16,50,NA,NA,32.5,39.2,16,NA
20/06/2018,Treatment,2,East,14,M,c,Fes,30,NA,NA,33.1,32.4,6,30,NA,NA,33.1,32.4,6,NA
20/06/2018,Treatment,2,East,15,S,a,Rye,25,NA,NA,32.5,36.4,8,25,NA,NA,32.5,36.4,8,NA
20/06/2018,Treatment,2,East,16,S,a,Pha,40,NA,NA,29.1,23,6,40,NA,NA,29.1,23,6,NA
20/06/2018,Treatment,2,West,1,S,a,Pha,40,NA,NA,48.8,46.6,22,40,NA,NA,48.8,46.6,22,NA
20/06/2018,Treatment,2,West,2,S,a,Fes,dead,dead,dead,dead,dead,dead,NA,NA,NA,NA,NA,NA,NA
20/06/2018,Treatment,2,West,3,S,a,Fes,40,NA,NA,40.5,45.5,7,40,NA,NA,40.5,45.5,7,NA
20/06/2018,Treatment,2,West,4,M,a,Pha,35,NA,NA,26,24.6,10,35,NA,NA,26,24.6,10,NA
20/06/2018,Treatment,2,West,4,M,b,Rye,40,NA,NA,40.7,33.8,9,40,NA,NA,40.7,33.8,9,NA
20/06/2018,Treatment,2,West,4,M,c,Fes,50,NA,NA,39.7,32,11,50,NA,NA,39.7,32,11,NA
20/06/2018,Treatment,2,West,5,S,a,Fes,40,NA,NA,36.4,30.3,10,40,NA,NA,36.4,30.3,10,NA
20/06/2018,Treatment,2,West,6,M,a,Fes,40,NA,NA,33.1,34.5,8,40,NA,NA,33.1,34.5,8,NA
20/06/2018,Treatment,2,West,6,M,b,Rye,70,NA,NA,38.4,41.6,13,70,NA,NA,38.4,41.6,13,NA
20/06/2018,Treatment,2,West,6,M,c,Pha,45,NA,NA,30,28.5,5,45,NA,NA,30,28.5,5,NA
20/06/2018,Treatment,2,West,7,S,a,Pha,70,NA,NA,29.3,28.3,10,70,NA,NA,29.3,28.3,10,NA
20/06/2018,Treatment,2,West,8,S,a,Fes,50,NA,NA,32.2,39.2,5,50,NA,NA,32.2,39.2,5,NA
20/06/2018,Treatment,2,West,9,S,a,Rye,40,NA,NA,46.4,44.8,16,40,NA,NA,46.4,44.8,16,NA
20/06/2018,Treatment,2,West,10,S,a,Rye,50,NA,NA,41.4,52.1,36,50,NA,NA,41.4,52.1,36,NA
20/06/2018,Treatment,2,West,11,M,a,Fes,35,NA,NA,34.1,33.8,3,35,NA,NA,34.1,33.8,3,NA
20/06/2018,Treatment,2,West,11,M,b,Pha,25,NA,NA,22.9,20.7,4,25,NA,NA,22.9,20.7,4,NA
20/06/2018,Treatment,2,West,11,M,c,Rye,40,NA,NA,40.7,43.1,10,40,NA,NA,40.7,43.1,10,NA
20/06/2018,Treatment,2,West,12,S,a,Rye,65,NA,NA,45.4,42.2,41,65,NA,NA,45.4,42.2,41,NA
20/06/2018,Treatment,2,West,13,S,a,Pha,70,NA,NA,29,27.9,26,70,NA,NA,29,27.9,26,NA
20/06/2018,Treatment,2,West,14,S,a,Pha,50,NA,NA,24.5,24.2,7,50,NA,NA,24.5,24.2,7,NA
20/06/2018,Treatment,2,West,15,S,a,Rye,55,NA,NA,42.9,44,10,55,NA,NA,42.9,44,10,NA
20/06/2018,Treatment,2,West,16,M,a,Rye,50,NA,NA,37.4,47.4,12,50,NA,NA,37.4,47.4,12,NA
20/06/2018,Treatment,2,West,16,M,b,Fes,40,NA,NA,27.3,24.9,5,40,NA,NA,27.3,24.9,5,NA
20/06/2018,Treatment,2,West,16,M,c,Pha,55,NA,NA,38.9,35.9,13,55,NA,NA,38.9,35.9,13,NA
20/06/2018,Treatment,3,East,1,S,a,Pha,50,NA,NA,30.8,36.7,8,50,NA,NA,30.8,36.7,8,NA
20/06/2018,Treatment,3,East,2,S,a,Pha,60,NA,NA,32.3,37.7,6,60,NA,NA,32.3,37.7,6,NA
20/06/2018,Treatment,3,East,3,M,a,Fes,50,NA,NA,35.1,28.9,13,50,NA,NA,35.1,28.9,13,NA
20/06/2018,Treatment,3,East,3,M,b,Rye,55,NA,NA,39.7,36.7,23,55,NA,NA,39.7,36.7,23,NA
20/06/2018,Treatment,3,East,3,M,c,Pha,30,NA,NA,24.2,25.6,9,30,NA,NA,24.2,25.6,9,NA
20/06/2018,Treatment,3,East,4,S,a,Rye,45,NA,NA,35.3,37.6,10,45,NA,NA,35.3,37.6,10,NA
20/06/2018,Treatment,3,East,5,M,a,Fes,40,NA,NA,39.3,36.6,8,40,NA,NA,39.3,36.6,8,NA
20/06/2018,Treatment,3,East,5,M,b,Rye,40,NA,NA,40.5,35,11,40,NA,NA,40.5,35,11,NA
20/06/2018,Treatment,3,East,5,M,c,Pha,50,NA,NA,38.8,35.3,12,50,NA,NA,38.8,35.3,12,NA
20/06/2018,Treatment,3,East,6,S,a,Fes,35,NA,NA,38.8,34.1,9,35,NA,NA,38.8,34.1,9,NA
20/06/2018,Treatment,3,East,7,M,a,Fes,75,NA,NA,43.9,38.9,10,75,NA,NA,43.9,38.9,10,NA
20/06/2018,Treatment,3,East,7,M,b,Rye,45,NA,NA,41.2,40.7,9,45,NA,NA,41.2,40.7,9,NA
20/06/2018,Treatment,3,East,7,M,c,Pha,25,NA,NA,35.9,35.4,8,25,NA,NA,35.9,35.4,8,NA
20/06/2018,Treatment,3,East,8,S,a,Rye,30,NA,NA,37.5,29.8,18,30,NA,NA,37.5,29.8,18,NA
20/06/2018,Treatment,3,East,9,M,a,Fes,30,NA,NA,37.3,32.6,6,30,NA,NA,37.3,32.6,6,NA
20/06/2018,Treatment,3,East,9,M,b,Rye,40,NA,NA,33.1,25.1,5,40,NA,NA,33.1,25.1,5,NA
20/06/2018,Treatment,3,East,9,M,c,Pha,30,NA,NA,25,27,6,30,NA,NA,25,27,6,NA
20/06/2018,Treatment,3,East,10,S,a,Fes,55,NA,NA,45.2,41.6,5,55,NA,NA,45.2,41.6,5,NA
20/06/2018,Treatment,3,East,11,S,a,Rye,45,NA,NA,35.2,39.1,16,45,NA,NA,35.2,39.1,16,NA
20/06/2018,Treatment,3,East,12,S,a,Rye,45,NA,NA,44.8,40,8,45,NA,NA,44.8,40,8,NA
20/06/2018,Treatment,3,East,13,S,a,Pha,65,NA,NA,27.6,33.4,10,65,NA,NA,27.6,33.4,10,NA
20/06/2018,Treatment,3,East,14,S,a,Fes,20,NA,NA,37.9,36.8,5,20,NA,NA,37.9,36.8,5,NA
20/06/2018,Treatment,3,East,15,S,a,Fes,40,NA,NA,36.1,40.4,9,40,NA,NA,36.1,40.4,9,NA
20/06/2018,Treatment,3,East,16,S,a,Pha,60,NA,NA,31.6,36.2,9,60,NA,NA,31.6,36.2,9,NA
20/06/2018,Treatment,3,West,1,M,a,Fes,40,NA,NA,43.8,51.8,17,40,NA,NA,43.8,51.8,17,NA
20/06/2018,Treatment,3,West,1,M,b,Pha,30,NA,NA,31.2,23.5,7,30,NA,NA,31.2,23.5,7,NA
20/06/2018,Treatment,3,West,1,M,c,Rye,35,NA,NA,3.6,30.9,14,35,NA,NA,3.6,30.9,14,NA
20/06/2018,Treatment,3,West,2,S,a,Pha,50,NA,NA,31.3,28.4,6,50,NA,NA,31.3,28.4,6,NA
20/06/2018,Treatment,3,West,3,S,a,Fes,50,NA,NA,40.8,32.6,10,50,NA,NA,40.8,32.6,10,NA
20/06/2018,Treatment,3,West,4,S,a,Rye,55,NA,NA,37.3,37.9,20,55,NA,NA,37.3,37.9,20,NA
20/06/2018,Treatment,3,West,5,S,a,Pha,40,NA,NA,29.5,35.4,17,40,NA,NA,29.5,35.4,17,NA
20/06/2018,Treatment,3,West,6,M,a,Fes,40,NA,NA,34.4,35.5,4,40,NA,NA,34.4,35.5,4,NA
20/06/2018,Treatment,3,West,6,M,b,Pha,30,NA,NA,36.6,33.4,9,30,NA,NA,36.6,33.4,9,NA
20/06/2018,Treatment,3,West,6,M,c,Rye,70,NA,NA,42.4,40.3,23,70,NA,NA,42.4,40.3,23,NA
20/06/2018,Treatment,3,West,7,S,a,Fes,50,NA,NA,36.1,35.4,5,50,NA,NA,36.1,35.4,5,NA
20/06/2018,Treatment,3,West,8,S,a,Rye,40,NA,NA,38.9,44.3,11,40,NA,NA,38.9,44.3,11,NA
20/06/2018,Treatment,3,West,9,S,a,Fes,40,NA,NA,35.8,33.1,10,40,NA,NA,35.8,33.1,10,NA
20/06/2018,Treatment,3,West,10,M,a,Fes,55,NA,NA,40.2,35.6,14,55,NA,NA,40.2,35.6,14,NA
20/06/2018,Treatment,3,West,10,M,b,Rye,60,NA,NA,40.2,45.3,25,60,NA,NA,40.2,45.3,25,NA
20/06/2018,Treatment,3,West,10,M,c,Pha,35,NA,NA,35.9,39,12,35,NA,NA,35.9,39,12,NA
20/06/2018,Treatment,3,West,11,S,a,Pha,40,NA,NA,30.6,30.9,6,40,NA,NA,30.6,30.9,6,NA
20/06/2018,Treatment,3,West,12,S,a,Rye,55,NA,NA,46,43.6,13,55,NA,NA,46,43.6,13,NA
20/06/2018,Treatment,3,West,13,S,a,Pha,45,NA,NA,30.9,27.7,14,45,NA,NA,30.9,27.7,14,NA
20/06/2018,Treatment,3,West,14,S,a,Rye,90,NA,NA,44.7,45.2,49,90,NA,NA,44.7,45.2,49,NA
20/06/2018,Treatment,3,West,15,S,a,Fes,60,NA,NA,34.8,40,9,60,NA,NA,34.8,40,9,NA
20/06/2018,Treatment,3,West,16,M,a,Fes,35,NA,NA,32.4,31.5,5,35,NA,NA,32.4,31.5,5,NA
20/06/2018,Treatment,3,West,16,M,b,Pha,20,NA,NA,27.4,25.5,4,20,NA,NA,27.4,25.5,4,NA
20/06/2018,Treatment,3,West,16,M,c,Rye,50,NA,NA,41,40.7,11,50,NA,NA,41,40.7,11,NA
20/06/2018,Treatment,4,East,1,M,a,Fes,50,NA,NA,35.7,35.2,10,50,NA,NA,35.7,35.2,10,NA
20/06/2018,Treatment,4,East,1,M,b,Rye,40,NA,NA,42.8,44.4,10,40,NA,NA,42.8,44.4,10,NA
20/06/2018,Treatment,4,East,1,M,c,Pha,30,NA,NA,32.2,26,10,30,NA,NA,32.2,26,10,NA
20/06/2018,Treatment,4,East,2,S,a,Pha,40,NA,NA,30.6,27.8,3,40,NA,NA,30.6,27.8,3,NA
20/06/2018,Treatment,4,East,3,S,a,Rye,55,NA,NA,44.9,49.1,12,55,NA,NA,44.9,49.1,12,NA
20/06/2018,Treatment,4,East,4,S,a,Pha,40,NA,NA,27.3,38,6,40,NA,NA,27.3,38,6,NA
20/06/2018,Treatment,4,East,5,M,a,Pha,25,NA,NA,29.2,17.4,7,25,NA,NA,29.2,17.4,7,NA
20/06/2018,Treatment,4,East,5,M,b,Fes,45,NA,NA,32.3,34.9,21,45,NA,NA,32.3,34.9,21,NA
20/06/2018,Treatment,4,East,5,M,c,Rye,70,NA,NA,44.6,40.1,16,70,NA,NA,44.6,40.1,16,NA
20/06/2018,Treatment,4,East,6,S,a,Rye,50,NA,NA,39.8,38.2,16,50,NA,NA,39.8,38.2,16,NA
20/06/2018,Treatment,4,East,7,S,a,Fes,35,NA,NA,41.9,40.1,7,35,NA,NA,41.9,40.1,7,NA
20/06/2018,Treatment,4,East,8,S,a,Pha,15,NA,NA,23.2,TS,1,15,NA,NA,23.2,NA,1,NA
20/06/2018,Treatment,4,East,9,S,a,Rye,60,NA,NA,47.4,43.4,24,60,NA,NA,47.4,43.4,24,NA
20/06/2018,Treatment,4,East,10,S,a,Pha,60,NA,NA,34.5,37.6,10,60,NA,NA,34.5,37.6,10,NA
20/06/2018,Treatment,4,East,11,M,a,Fes,60,NA,NA,38.1,39.7,15,60,NA,NA,38.1,39.7,15,NA
20/06/2018,Treatment,4,East,11,M,b,Rye,55,NA,NA,34.1,31.7,17,55,NA,NA,34.1,31.7,17,NA
20/06/2018,Treatment,4,East,11,M,c,Pha,40,NA,NA,35,34.5,17,40,NA,NA,35,34.5,17,NA
20/06/2018,Treatment,4,East,12,S,a,Fes,45,NA,NA,39.2,39.6,4,45,NA,NA,39.2,39.6,4,NA
20/06/2018,Treatment,4,East,13,S,a,Fes,40,NA,NA,33.5,35.9,4,40,NA,NA,33.5,35.9,4,NA
20/06/2018,Treatment,4,East,14,S,a,Fes,45,NA,NA,39.2,33.4,15,45,NA,NA,39.2,33.4,15,NA
20/06/2018,Treatment,4,East,15,S,a,Rye,60,NA,NA,43.6,43,15,60,NA,NA,43.6,43,15,NA
20/06/2018,Treatment,4,East,16,M,a,Fes,55,NA,NA,35.3,33.5,17,55,NA,NA,35.3,33.5,17,NA
20/06/2018,Treatment,4,East,16,M,b,Rye,50,NA,NA,36.9,36.9,33,50,NA,NA,36.9,36.9,33,NA
20/06/2018,Treatment,4,East,16,M,c,Pha,60,NA,NA,29.4,37,14,60,NA,NA,29.4,37,14,NA
20/06/2018,Treatment,4,West,1,S,a,Rye,50,NA,NA,39.8,41.9,10,50,NA,NA,39.8,41.9,10,NA
20/06/2018,Treatment,4,West,2,M,a,Pha,30,NA,NA,24.6,26.3,9,30,NA,NA,24.6,26.3,9,NA
20/06/2018,Treatment,4,West,2,M,b,Fes,35,NA,NA,38,34.2,8,35,NA,NA,38,34.2,8,NA
20/06/2018,Treatment,4,West,2,M,c,Rye,30,NA,NA,38.6,36.4,14,30,NA,NA,38.6,36.4,14,NA
20/06/2018,Treatment,4,West,3,S,a,Fes,30,NA,NA,34.6,42,6,30,NA,NA,34.6,42,6,NA
20/06/2018,Treatment,4,West,4,S,a,Fes,35,NA,NA,33.5,39.7,6,35,NA,NA,33.5,39.7,6,NA
20/06/2018,Treatment,4,West,5,S,a,Pha,35,NA,NA,31.1,27.9,12,35,NA,NA,31.1,27.9,12,NA
20/06/2018,Treatment,4,West,6,S,a,Rye,40,NA,NA,41.7,41.9,22,40,NA,NA,41.7,41.9,22,NA
20/06/2018,Treatment,4,West,7,M,a,Pha,40,NA,NA,23.6,33.2,5,40,NA,NA,23.6,33.2,5,NA
20/06/2018,Treatment,4,West,7,M,b,Fes,40,NA,NA,53.3,39.3,9,40,NA,NA,53.3,39.3,9,NA
20/06/2018,Treatment,4,West,7,M,c,Rye,55,NA,NA,38.7,41.2,12,55,NA,NA,38.7,41.2,12,NA
20/06/2018,Treatment,4,West,8,S,a,Rye,60,NA,NA,38.1,45.5,22,60,NA,NA,38.1,45.5,22,NA
20/06/2018,Treatment,4,West,9,S,a,Pha,50,NA,NA,40.7,38.4,19,50,NA,NA,40.7,38.4,19,NA
20/06/2018,Treatment,4,West,10,S,a,Pha,25,NA,NA,24.6,27.3,10,25,NA,NA,24.6,27.3,10,NA
20/06/2018,Treatment,4,West,11,S,a,Pha,40,NA,NA,31.1,23.3,9,40,NA,NA,31.1,23.3,9,NA
20/06/2018,Treatment,4,West,12,M,a,Rye,50,NA,NA,49.1,46.8,15,50,NA,NA,49.1,46.8,15,NA
20/06/2018,Treatment,4,West,12,M,b,Pha,25,NA,NA,39,41.6,3,25,NA,NA,39,41.6,3,NA
20/06/2018,Treatment,4,West,12,M,c,Fes,45,NA,NA,46.1,38.1,17,45,NA,NA,46.1,38.1,17,NA
20/06/2018,Treatment,4,West,13,S,a,Rye,60,NA,NA,41.1,35.3,38,60,NA,NA,41.1,35.3,38,NA
20/06/2018,Treatment,4,West,14,M,a,Fes,25,NA,NA,36.4,38.4,10,25,NA,NA,36.4,38.4,10,NA
20/06/2018,Treatment,4,West,14,M,b,Pha,15,NA,NA,27.4,27.4,1,15,NA,NA,27.4,27.4,1,NA
20/06/2018,Treatment,4,West,14,M,c,Rye,40,NA,NA,38.8,39.9,7,40,NA,NA,38.8,39.9,7,NA
20/06/2018,Treatment,4,West,15,S,a,Fes,40,NA,NA,39.8,36.9,8,40,NA,NA,39.8,36.9,8,NA
20/06/2018,Treatment,4,West,16,S,a,Fes,45,NA,NA,36.8,40.7,10,45,NA,NA,36.8,40.7,10,NA
20/06/2018,Treatment,5,East,1,S,a,Pha,30,NA,NA,28.8,31.8,5,30,NA,NA,28.8,31.8,5,NA
20/06/2018,Treatment,5,East,2,S,a,Fes,35,NA,NA,41,45.5,9,35,NA,NA,41,45.5,9,NA
20/06/2018,Treatment,5,East,3,S,a,Rye,40,NA,NA,35.8,36.3,30,40,NA,NA,35.8,36.3,30,NA
20/06/2018,Treatment,5,East,4,S,a,Rye,50,NA,NA,42,45.6,20,50,NA,NA,42,45.6,20,NA
20/06/2018,Treatment,5,East,5,S,a,Fes,25,NA,NA,38.5,35.6,4,25,NA,NA,38.5,35.6,4,NA
20/06/2018,Treatment,5,East,6,M,a,Fes,25,NA,NA,34,29.8,10,25,NA,NA,34,29.8,10,NA
20/06/2018,Treatment,5,East,6,M,b,Pha,20,NA,NA,32.5,34.2,7,20,NA,NA,32.5,34.2,7,NA
20/06/2018,Treatment,5,East,6,M,c,Rye,30,NA,NA,37.4,43.1,5,30,NA,NA,37.4,43.1,5,NA
20/06/2018,Treatment,5,East,7,S,a,Pha,30,NA,NA,28.5,27.6,3,30,NA,NA,28.5,27.6,3,NA
20/06/2018,Treatment,5,East,8,S,a,Rye,40,NA,NA,39.9,41.3,7,40,NA,NA,39.9,41.3,7,NA
20/06/2018,Treatment,5,East,9,S,a,Pha,25,NA,NA,26.5,36.5,5,25,NA,NA,26.5,36.5,5,NA
20/06/2018,Treatment,5,East,10,M,a,Rye,55,NA,NA,40.1,39.5,21,55,NA,NA,40.1,39.5,21,NA
20/06/2018,Treatment,5,East,10,M,b,Fes,20,NA,NA,TS,TS,3,20,NA,NA,NA,NA,3,NA
20/06/2018,Treatment,5,East,10,M,c,Pha,15,NA,NA,32.1,28.9,5,15,NA,NA,32.1,28.9,5,NA
20/06/2018,Treatment,5,East,11,S,a,Pha,dead,dead,dead,dead,dead,dead,NA,NA,NA,NA,NA,NA,NA
20/06/2018,Treatment,5,East,12,M,a,Fes,40,NA,NA,37.4,41.6,4,40,NA,NA,37.4,41.6,4,NA
20/06/2018,Treatment,5,East,12,M,b,Pha,25,NA,NA,41.2,24.4,5,25,NA,NA,41.2,24.4,5,NA
20/06/2018,Treatment,5,East,12,M,c,Rye,50,NA,NA,44.2,46.4,23,50,NA,NA,44.2,46.4,23,NA
20/06/2018,Treatment,5,East,13,S,a,Fes,20,NA,NA,27,TS,1,20,NA,NA,27,NA,1,NA
20/06/2018,Treatment,5,East,14,S,a,Fes,25,NA,NA,37.5,35.8,1,25,NA,NA,37.5,35.8,1,NA
20/06/2018,Treatment,5,East,15,M,a,Rye,50,NA,NA,38.9,38.7,10,50,NA,NA,38.9,38.7,10,NA
20/06/2018,Treatment,5,East,15,M,b,Fes,20,NA,NA,35.4,TS,2,20,NA,NA,35.4,NA,2,NA
20/06/2018,Treatment,5,East,15,M,c,Pha,30,NA,NA,42.1,43.5,4,30,NA,NA,42.1,43.5,4,NA
20/06/2018,Treatment,5,East,16,S,a,Rye,25,NA,NA,38,35.8,12,25,NA,NA,38,35.8,12,NA
20/06/2018,Treatment,5,West,1,S,a,Fes,25,NA,NA,35.9,39.2,9,25,NA,NA,35.9,39.2,9,NA
20/06/2018,Treatment,5,West,2,S,a,Rye,55,NA,NA,44.7,42.5,37,55,NA,NA,44.7,42.5,37,NA
20/06/2018,Treatment,5,West,3,S,a,Rye,50,NA,NA,39.8,49.6,23,50,NA,NA,39.8,49.6,23,NA
20/06/2018,Treatment,5,West,4,M,a,Pha,35,NA,NA,31.4,34.5,14,35,NA,NA,31.4,34.5,14,NA
20/06/2018,Treatment,5,West,4,M,b,Fes,30,NA,NA,28.9,35.8,4,30,NA,NA,28.9,35.8,4,NA
20/06/2018,Treatment,5,West,4,M,c,Rye,35,NA,NA,37.7,31.5,7,35,NA,NA,37.7,31.5,7,NA
20/06/2018,Treatment,5,West,5,S,a,Pha,15,NA,NA,35.4,TS,1,15,NA,NA,35.4,NA,1,NA
20/06/2018,Treatment,5,West,6,S,a,Fes,30,NA,NA,32.8,34.7,3,30,NA,NA,32.8,34.7,3,NA
20/06/2018,Treatment,5,West,7,S,a,Pha,40,NA,NA,27.6,30.8,4,40,NA,NA,27.6,30.8,4,NA
20/06/2018,Treatment,5,West,8,M,a,Pha,40,NA,NA,34.6,32.4,8,40,NA,NA,34.6,32.4,8,NA
20/06/2018,Treatment,5,West,8,M,b,Fes,30,NA,NA,32.4,41.1,5,30,NA,NA,32.4,41.1,5,NA
20/06/2018,Treatment,5,West,8,M,c,Rye,40,NA,NA,47.2,41.6,6,40,NA,NA,47.2,41.6,6,NA
20/06/2018,Treatment,5,West,9,S,a,Fes,60,NA,NA,45.8,42.8,16,60,NA,NA,45.8,42.8,16,NA
20/06/2018,Treatment,5,West,10,M,a,Pha,30,NA,NA,21.1,34.1,7,30,NA,NA,21.1,34.1,7,NA
20/06/2018,Treatment,5,West,10,M,b,Rye,40,NA,NA,42.9,40.7,28,40,NA,NA,42.9,40.7,28,NA
20/06/2018,Treatment,5,West,10,M,c,Fes,25,NA,NA,36.6,40.9,8,25,NA,NA,36.6,40.9,8,NA
20/06/2018,Treatment,5,West,11,S,a,Pha,30,NA,NA,35.9,40.5,8,30,NA,NA,35.9,40.5,8,NA
20/06/2018,Treatment,5,West,12,S,a,Pha,20,NA,NA,34.6,25.9,5,20,NA,NA,34.6,25.9,5,NA
20/06/2018,Treatment,5,West,13,S,a,Rye,55,NA,NA,41.9,38.5,25,55,NA,NA,41.9,38.5,25,NA
20/06/2018,Treatment,5,West,14,S,a,Fes,20,NA,NA,33.3,38.1,4,20,NA,NA,33.3,38.1,4,NA
20/06/2018,Treatment,5,West,15,M,a,Pha,40,NA,NA,25.3,32.7,7,40,NA,NA,25.3,32.7,7,NA
20/06/2018,Treatment,5,West,15,M,b,Fes,20,NA,NA,33.4,TS,2,20,NA,NA,33.4,NA,2,NA
20/06/2018,Treatment,5,West,15,M,c,Rye,50,NA,NA,44.7,46.2,30,50,NA,NA,44.7,46.2,30,NA
20/06/2018,Treatment,5,West,16,S,a,Rye,20,NA,NA,37.6,37.1,7,20,NA,NA,37.6,37.1,7,NA
20/06/2018,Treatment,6,East,1,M,a,Rye,45,NA,NA,39.8,41.5,18,45,NA,NA,39.8,41.5,18,NA
20/06/2018,Treatment,6,East,1,M,b,Fes,30,NA,NA,48.2,44.9,13,30,NA,NA,48.2,44.9,13,NA
20/06/2018,Treatment,6,East,1,M,c,Pha,10,NA,NA,29.2,29.3,3,10,NA,NA,29.2,29.3,3,NA
20/06/2018,Treatment,6,East,2,S,a,Fes,20,NA,NA,42.2,37,6,20,NA,NA,42.2,37,6,NA
20/06/2018,Treatment,6,East,3,S,a,Rye,30,NA,NA,42,48.5,9,30,NA,NA,42,48.5,9,NA
20/06/2018,Treatment,6,East,4,S,a,Rye,35,NA,NA,46.8,47.5,14,35,NA,NA,46.8,47.5,14,NA
20/06/2018,Treatment,6,East,5,M,a,Fes,20,NA,NA,38.3,37.2,5,20,NA,NA,38.3,37.2,5,NA
20/06/2018,Treatment,6,East,5,M,b,Rye,20,NA,NA,TS,TS,2,20,NA,NA,NA,NA,2,NA
20/06/2018,Treatment,6,East,5,M,c,Pha,30,NA,NA,35.6,31.3,8,30,NA,NA,35.6,31.3,8,NA
20/06/2018,Treatment,6,East,6,S,a,Fes,25,NA,NA,45.2,53.1,5,25,NA,NA,45.2,53.1,5,NA
20/06/2018,Treatment,6,East,7,S,a,Pha,20,NA,NA,43.6,44.9,4,20,NA,NA,43.6,44.9,4,NA
20/06/2018,Treatment,6,East,8,S,a,Rye,dead,dead,dead,dead,dead,dead,NA,NA,NA,NA,NA,NA,NA
20/06/2018,Treatment,6,East,9,S,a,Rye,30,NA,NA,49.6,43.4,6,30,NA,NA,49.6,43.4,6,NA
20/06/2018,Treatment,6,East,10,S,a,Pha,20,NA,NA,35.1,TS,1,20,NA,NA,35.1,NA,1,NA
20/06/2018,Treatment,6,East,11,M,a,Fes,20,NA,NA,34.1,35.5,6,20,NA,NA,34.1,35.5,6,NA
20/06/2018,Treatment,6,East,11,M,b,Rye,30,NA,NA,42.1,27.8,5,30,NA,NA,42.1,27.8,5,NA
20/06/2018,Treatment,6,East,11,M,c,Pha,30,NA,NA,48.3,40.8,14,30,NA,NA,48.3,40.8,14,NA
20/06/2018,Treatment,6,East,12,S,a,Pha,35,NA,NA,38.7,42.5,5,35,NA,NA,38.7,42.5,5,NA
20/06/2018,Treatment,6,East,13,S,a,Fes,10,NA,NA,29.9,TS,1,10,NA,NA,29.9,NA,1,NA
20/06/2018,Treatment,6,East,14,S,a,Pha,20,NA,NA,28.2,35.5,3,20,NA,NA,28.2,35.5,3,NA
20/06/2018,Treatment,6,East,15,M,a,Rye,40,NA,NA,52.5,39,15,40,NA,NA,52.5,39,15,NA
20/06/2018,Treatment,6,East,15,M,b,Pha,10,NA,NA,TS,TS,2,10,NA,NA,NA,NA,2,NA
20/06/2018,Treatment,6,East,15,M,c,Fes,15,NA,NA,TS,TS,1,15,NA,NA,NA,NA,1,NA
20/06/2018,Treatment,6,East,16,S,a,Fes,30,NA,NA,33,34.2,9,30,NA,NA,33,34.2,9,NA
20/06/2018,Treatment,6,West,1,S,a,Fes,35,NA,NA,43,46.8,5,35,NA,NA,43,46.8,5,NA
20/06/2018,Treatment,6,West,2,S,a,Pha,55,NA,NA,31.1,40.3,10,55,NA,NA,31.1,40.3,10,NA
20/06/2018,Treatment,6,West,3,M,a,Fes,25,NA,NA,33.1,38.5,4,25,NA,NA,33.1,38.5,4,NA
20/06/2018,Treatment,6,West,3,M,b,Pha,20,NA,NA,34.3,32.6,2,20,NA,NA,34.3,32.6,2,NA
20/06/2018,Treatment,6,West,3,M,c,Rye,40,NA,NA,43.1,48.6,11,40,NA,NA,43.1,48.6,11,NA
20/06/2018,Treatment,6,West,4,S,a,Rye,30,NA,NA,39.5,46,12,30,NA,NA,39.5,46,12,NA
20/06/2018,Treatment,6,West,5,M,a,Pha,30,NA,NA,23.9,32.9,12,30,NA,NA,23.9,32.9,12,NA
20/06/2018,Treatment,6,West,5,M,b,Fes,30,NA,NA,28.9,22.8,3,30,NA,NA,28.9,22.8,3,NA
20/06/2018,Treatment,6,West,5,M,c,Rye,25,NA,NA,44.6,35.5,22,25,NA,NA,44.6,35.5,22,NA
20/06/2018,Treatment,6,West,6,S,a,Pha,30,NA,NA,33.2,20,5,30,NA,NA,33.2,20,5,NA
20/06/2018,Treatment,6,West,7,S,a,Rye,35,NA,NA,32,44.2,13,35,NA,NA,32,44.2,13,NA
20/06/2018,Treatment,6,West,8,S,a,Fes,35,NA,NA,41.7,35.4,11,35,NA,NA,41.7,35.4,11,NA
20/06/2018,Treatment,6,West,9,S,a,Rye,50,NA,NA,31.9,44.2,22,50,NA,NA,31.9,44.2,22,NA
20/06/2018,Treatment,6,West,10,M,a,Fes,15,NA,NA,40.3,34.2,3,15,NA,NA,40.3,34.2,3,NA
20/06/2018,Treatment,6,West,10,M,b,Rye,30,NA,NA,28.3,40.9,5,30,NA,NA,28.3,40.9,5,NA
20/06/2018,Treatment,6,West,10,M,c,Pha,10,NA,NA,TS,TS,2,10,NA,NA,NA,NA,2,NA
20/06/2018,Treatment,6,West,11,S,a,Fes,40,NA,NA,35.7,36.8,5,40,NA,NA,35.7,36.8,5,NA
20/06/2018,Treatment,6,West,12,S,a,Pha,20,NA,NA,25.5,25.9,4,20,NA,NA,25.5,25.9,4,NA
20/06/2018,Treatment,6,West,13,S,a,Pha,30,NA,NA,30.3,31.1,13,30,NA,NA,30.3,31.1,13,NA
20/06/2018,Treatment,6,West,14,M,a,Rye,55,NA,NA,40.3,34.9,31,55,NA,NA,40.3,34.9,31,NA
20/06/2018,Treatment,6,West,14,M,b,Pha,45,NA,NA,36.9,41.3,45,45,NA,NA,36.9,41.3,45,NA
20/06/2018,Treatment,6,West,14,M,c,Fes,60,NA,NA,40.3,50.8,33,60,NA,NA,40.3,50.8,33,NA
20/06/2018,Treatment,6,West,15,S,a,Fes,40,NA,NA,29.4,39.8,7,40,NA,NA,29.4,39.8,7,NA
20/06/2018,Treatment,6,West,16,S,a,Rye,50,NA,NA,46.1,42.9,27,50,NA,NA,46.1,42.9,27,NA
