Shelter,Side,Rep,sRep,Experiment,Phase,Type,Species,PotType,AGB_g,BGB_g,RS_ratio,SLA_mm2.mg,LDMC_mg.g,SPAD,Ht_cm,SeedHead,PhaseNum
1,East,1,A,Short,Control,Pha,Pha,PhaPha,57.9,63.07,1.089291883,30.077223,210.163232,34.9,170,0,2
1,East,2,A,Short,Control,Pha,Pha,PhaPha,44.78,53.49,1.194506476,29.831335,211.053398,37.85,200,0,2
1,East,3,A,Short,Control,Rye,Rye,RyeRye,55.29,60.18,1.088442756,24.297352,181.42748,33.6,100,0,2
1,East,4,A,Short,Control,Rye,Rye,RyeRye,64.95,57.9,0.891454965,24.323103,184.620519,36,110,0,2
1,East,5,A,Short,Control,Mix,Pha,PhaMix,28.35,89.14,NA,28.619101,205.77931,29.2,160,0,2
1,East,5,B,Short,Control,Mix,Fes,FesMix,41.41,89.14,NA,24.34973,183.621842,29.5,100,0,2
1,East,5,C,Short,Control,Mix,Rye,RyeMix,38.43,89.14,NA,24.72253,208.912539,47.05,110,0,2
1,East,6,A,Short,Control,Rye,Rye,RyeRye,57.71,46.63,0.808005545,24.242459,198.750332,41.05,90,0,2
1,East,7,A,Short,Control,Fes,Fes,FesFes,35.7,48.31,1.353221289,23.584123,178.840111,42.8,100,0,2
1,East,8,A,Short,Control,Fes,Fes,FesFes,32.72,50.9,1.555623472,24.597717,191.562336,45.4,90,0,2
1,East,9,A,Short,Control,Rye,Rye,RyeRye,68.73,48.47,0.705223338,23.689473,187.504723,42.45,100,0,2
1,East,10,A,Short,Control,Mix,Pha,PhaMix,28.83,139.74,NA,30.374358,206.872194,28.05,150,0,2
1,East,10,B,Short,Control,Mix,Rye,RyeMix,45.03,139.74,NA,22.412926,206.837326,33.6,90,0,2
1,East,10,C,Short,Control,Mix,Fes,FesMix,26.86,139.74,NA,21.688939,189.008348,28.1,110,0,2
1,East,11,A,Short,Control,Pha,Pha,PhaPha,62.27,60.88,0.977677855,27.461818,200.787452,27.75,150,0,2
1,East,12,A,Short,Control,Mix,Fes,FesMix,33.29,113.44,NA,23.280363,178.923707,30.4,90,0,2
1,East,12,B,Short,Control,Mix,Rye,RyeMix,34.38,113.44,NA,24.62816,207.566749,35.35,100,0,2
1,East,12,C,Short,Control,Mix,Pha,PhaMix,28.53,113.44,NA,28.206061,201.793168,24.9,210,0,2
1,East,13,A,Short,Control,Pha,Pha,PhaPha,54.8,31.35,0.572080292,28.627942,203.325841,30.85,220,0,2
1,East,14,A,Short,Control,Fes,Fes,FesFes,46.55,54.51,1.170998926,22.811982,178.193258,42.85,90,0,2
1,East,15,A,Short,Control,Fes,Fes,FesFes,36.05,46.5,1.289875173,24.060976,175.627557,32.15,90,0,2
1,East,16,A,Short,Control,Mix,Fes,FesMix,30.18,114.98,NA,22.159635,175.380681,28.95,100,0,2
1,East,16,B,Short,Control,Mix,Rye,RyeMix,41.61,114.98,NA,22.226053,182.969193,35.3,90,0,2
1,East,16,C,Short,Control,Mix,Pha,PhaMix,22.22,114.98,NA,29.056328,200.513864,22.45,160,0,2
1,West,1,A,Long,Recovery,Pha,Pha,PhaPha,22.99,30.6,1.331013484,27.81649581,190.4882239,44.65,175,0,1
1,West,2,A,Long,Recovery,Mix,Rye,RyeMix,10.37,38.86,NA,28.91534555,186.0691671,46.85,105,0,1
1,West,2,B,Long,Recovery,Mix,Pha,PhaMix,6.98,38.86,NA,28.78502733,226.7561983,46.45,260,0,1
1,West,2,C,Long,Recovery,Mix,Fes,FesMix,22.39,38.86,NA,21.69769535,182.129278,45.95,100,0,1
1,West,3,A,Long,Resistance,Pha,Pha,PhaPha,5.59,6.01,1.075134168,23.60342377,217.5609756,41.85,70,0,0
1,West,4,A,Long,Recovery,Rye,Rye,RyeRye,12.9,28.83,2.234883721,29.9016,208.4939759,55.2,95,0,1
1,West,5,A,Long,Resistance,Pha,Pha,PhaPha,5.84,6.48,1.109589041,27.45924924,227.7777778,39.5,70,0,0
1,West,6,A,Long,Recovery,Fes,Fes,FesFes,17.43,23.69,1.359150889,19.97397746,213.9244972,37.25,90,0,1
1,West,7,A,Long,Recovery,Mix,Fes,FesMix,17.91,32.88,NA,22.68874896,193.0775937,39.45,60,0,1
1,West,7,B,Long,Recovery,Mix,Pha,PhaMix,6.41,32.88,NA,26.30266374,235.988024,39.8,140,0,1
1,West,7,C,Long,Recovery,Mix,Rye,RyeMix,14.44,32.88,NA,28.7143758,214.7742818,43.4,95,0,1
1,West,8,A,Long,Resistance,Rye,Rye,RyeRye,16.97,29.04,1.711255156,26.53934146,226.5057471,36.2,80,0,0
1,West,9,A,Long,Resistance,Rye,Rye,RyeRye,13.63,26.1,1.914893617,24.31666425,201.9512195,37.75,90,0,0
1,West,10,A,Long,Recovery,Fes,Fes,FesFes,15.73,30.64,1.947870312,18.61610821,209.0840084,35,70,0,1
1,West,11,A,Long,Resistance,Mix,Fes,FesMix,5.6,12.22,NA,20.67464404,217.1314741,26.9,60,0,0
1,West,11,B,Long,Resistance,Mix,Rye,RyeMix,4.49,12.22,NA,28.8995463,196.3636364,40.5,30,0,0
1,West,11,C,Long,Resistance,Mix,Pha,PhaMix,3.86,12.22,NA,32.15883444,231.1392405,NA,55,0,0
1,West,12,A,Long,Resistance,Fes,Fes,FesFes,13.94,9.61,0.68938307,16.90050529,252.5222552,31.45,60,0,0
1,West,13,A,Long,Recovery,Rye,Rye,RyeRye,16.65,39.62,2.37957958,30.44144444,217.776536,40.7,105,0,1
1,West,14,A,Long,Resistance,Mix,Pha,PhaMix,3.12,15.56,NA,27.53630323,222.4880383,45.1,65,0,0
1,West,14,B,Long,Resistance,Mix,Rye,RyeMix,6.31,15.56,NA,26.61631,202.020202,36.05,35,0,0
1,West,14,C,Long,Resistance,Mix,Fes,FesMix,4.06,15.56,NA,21.11714209,219.4117647,38.4,30,0,0
1,West,15,A,Long,Recovery,Pha,Pha,PhaPha,28.06,29.58,1.054169636,28.50735288,176.7143934,42.95,240,2,1
1,West,16,A,Long,Resistance,Fes,Fes,FesFes,12.01,7.27,0.605328893,12.59258402,286.7272727,30.7,55,0,0
2,East,1,A,Long,Control,Rye,Rye,RyeRye,56.49,77.8585,1.37827049,23.591819,199.721963,28.1,90,23,2
2,East,2,A,Long,Control,Fes,Fes,FesFes,58.29,68.366,1.172859839,23.34636,174.922482,26.7,80,3,2
2,East,3,A,Long,Control,Mix,Fes,FesMix,32.96,143.019,NA,22.558597,189.497246,25.4,90,3,2
2,East,3,B,Long,Control,Mix,Rye,RyeMix,20.62,143.019,NA,23.943359,179.583546,32.7,110,0,2
2,East,3,C,Long,Control,Mix,Pha,PhaMix,26.14,143.019,NA,29.521609,199.393381,21.2,150,0,2
2,East,4,A,Long,Control,Fes,Fes,FesFes,66.14,75.114,1.135681887,22.290242,175.755973,29.2,80,16,2
2,East,5,A,Long,Control,Fes,Fes,FesFes,56.03,65.2095,1.163831876,23.321502,174.485262,23.65,90,10,2
2,East,6,A,Long,Control,Fes,Fes,FesFes,46.37,65.886,1.420875566,23.074732,170.297962,26.3,90,6,2
2,East,7,A,Long,Control,Rye,Rye,RyeRye,61.3,98.412,1.605415987,22.961841,186.755269,24.6,110,1,2
2,East,8,A,Long,Control,Mix,Pha,PhaMix,28.02,99.783,NA,30.504599,195.528223,27.15,170,4,2
2,East,8,B,Long,Control,Mix,Rye,RyeMix,16.54,99.783,NA,21.123512,204.649065,28.75,100,0,2
2,East,8,C,Long,Control,Mix,Fes,FesMix,21.67,99.783,NA,23.800956,189.45764,27.65,80,3,2
2,East,9,A,Long,Control,Mix,Fes,FesMix,21.03,90.6105,NA,23.713923,187.282858,21.35,80,0,2
2,East,9,B,Long,Control,Mix,Rye,RyeMix,20.9,90.6105,NA,23.355185,195.093302,34.1,110,0,2
2,East,9,C,Long,Control,Mix,Pha,PhaMix,24.7,90.6105,NA,29.081416,199.84229,36.5,200,0,2
2,East,10,A,Long,Control,Rye,Rye,RyeRye,64.41,73.3815,1.139287378,24.496736,200.795689,33,110,19,2
2,East,11,A,Long,Control,Pha,Pha,PhaPha,94.41,60.804,0.644041945,28.151814,215.210047,33.2,160,0,2
2,East,12,A,Long,Control,Pha,Pha,PhaPha,84.88,73.751,0.868885485,30.570924,190.534704,30.2,220,0,2
2,East,13,A,Long,Control,Pha,Pha,PhaPha,102.84,77.3735,0.752367756,29.312049,195.200799,39.4,150,100,2
2,East,14,A,Long,Control,Mix,Pha,PhaMix,25.06,102.5205,NA,27.878971,204.718421,30.25,240,0,2
2,East,14,B,Long,Control,Mix,Rye,RyeMix,24.94,102.5205,NA,24.566267,190.055277,34.55,90,26,2
2,East,14,C,Long,Control,Mix,Fes,FesMix,21.08,102.5205,NA,24.337065,182.332529,33.55,100,0,2
2,East,15,A,Long,Control,Rye,Rye,RyeRye,54.2,84.319,1.555701107,23.355067,191.841898,35.6,100,1,2
2,East,16,A,Long,Control,Pha,Pha,PhaPha,76.35,81.78,1.071119843,30.62699,199.839469,27.25,210,0,2
2,West,1,A,Short,Recovery,Pha,Pha,PhaPha,36.06,27.4,0.759844703,27.86834218,194.5652174,44.8,90,0,1
2,West,2,A,Short,Recovery,Fes,Fes,FesFes,13.47,22.75,1.688938382,15.75468731,240.2392617,45.2,75,0,1
2,West,3,A,Short,Recovery,Fes,Fes,FesFes,14,21.26,1.518571429,18.29405386,221.9446922,44.55,80,0,1
2,West,4,A,Short,Recovery,Mix,Pha,PhaMix,6.4,38.31,NA,29.34506772,206.3767272,30.8,70,0,1
2,West,4,B,Short,Recovery,Mix,Rye,RyeMix,13.1,36.21,NA,31.82772434,254.4776119,39.55,90,0,1
2,West,4,C,Short,Recovery,Mix,Fes,FesMix,12.04,36.21,NA,19.12538595,260.0753296,35.7,65,0,1
2,West,5,A,Short,Recovery,Pha,Pha,PhaPha,34.98,20.6,0.588907947,29.08179648,213.5957066,42.55,70,0,1
2,West,6,A,Short,Recovery,Mix,Fes,FesMix,10.2,45.37,NA,21.37101292,249.7065463,34.15,65,0,1
2,West,6,B,Short,Recovery,Mix,Rye,RyeMix,16.12,45.37,NA,27.23396,264.3171806,42,80,0,1
2,West,6,C,Short,Recovery,Mix,Pha,PhaMix,7.54,45.37,NA,27.14435326,200.4444444,46.8,45,0,1
2,West,7,A,Short,Resistance,Pha,Pha,PhaPha,6.24,6.6552,1.066538462,13.90136711,357.1782524,36.1,10,0,0
2,West,8,A,Short,Resistance,Fes,Fes,FesFes,4.96,4.8372,0.975241935,13.31164263,252.5090249,35.5,45,0,0
2,West,9,A,Short,Recovery,Rye,Rye,RyeRye,26.22,29.93,1.141495042,17.97764058,302.4154589,43.1,60,0,1
2,West,10,A,Short,Recovery,Rye,Rye,RyeRye,27.22393357,32.9,1.208495455,18.74484835,273.8586248,49.4,85,0,1
2,West,11,A,Short,Resistance,Mix,Fes,FesMix,4.79,9.5892,NA,19.23,226.34,36.3,25,0,0
2,West,11,B,Short,Resistance,Mix,Pha,PhaMix,4.66,9.5892,NA,28.36,158.49,31.6,25,0,0
2,West,11,C,Short,Resistance,Mix,Rye,RyeMix,10.35,9.5892,NA,22.362,307.13,41.9,50,0,0
2,West,12,A,Short,Resistance,Rye,Rye,RyeRye,9.68,6.2982,0.650640496,19.02505732,178.3500436,43.6,40,0,0
2,West,13,A,Short,Resistance,Pha,Pha,PhaPha,5.64,6.819,1.209042553,14.01478267,364.0880317,34.8,30,0,0
2,West,14,A,Short,Resistance,Pha,Pha,PhaPha,4.24,5.0722,1.196273585,15.22428405,320.6590764,40.6,50,0,0
2,West,15,A,Short,Resistance,Rye,Rye,RyeRye,9.36,7.1612,0.76508547,18.38243531,233.6577732,41.2,60,0,0
2,West,16,A,Short,Resistance,Mix,Rye,RyeMix,10.93,11.6032,NA,23.8,303.79,37,70,0,0
2,West,16,B,Short,Resistance,Mix,Fes,FesMix,5.57,11.6032,NA,16.61,269.8,31.6,70,0,0
2,West,16,C,Short,Resistance,Mix,Pha,PhaMix,3.16,11.6032,NA,32.87,184.65,36.3,30,0,0
3,East,1,A,Double,Control,Pha,Pha,PhaPha,47.9,52.09,1.087473904,29.235713,214.42109,34.8,190,3,2
3,East,2,A,Double,Control,Pha,Pha,PhaPha,51.83,55.34,1.067721397,29.237423,209.236039,31.75,190,0,2
3,East,3,A,Double,Control,Mix,Fes,FesMix,51.6,132.73,NA,21.033642,179.427482,25.95,90,2,2
3,East,3,B,Double,Control,Mix,Rye,RyeMix,41.1,132.73,NA,24.374931,192.975648,24.05,120,38,2
3,East,3,C,Double,Control,Mix,Pha,PhaMix,28.49,132.73,NA,28.737833,200.363414,22.35,200,4,2
3,East,4,A,Double,Control,Rye,Rye,RyeRye,83.34,109.79,1.31737461,22.544307,199.255654,42.05,90,6,2
3,East,5,A,Double,Control,Mix,Fes,FesMix,43.28,119.58,NA,22.956,185.008995,30.6,80,2,2
3,East,5,B,Double,Control,Mix,Rye,RyeMix,54.13,119.58,NA,23.86968,179.684378,32.1,120,4,2
3,East,5,C,Double,Control,Mix,Pha,PhaMix,27.18,119.58,NA,28.768254,220.37878,31.3,180,0,2
3,East,6,A,Double,Control,Fes,Fes,FesFes,84.76,58.57,0.69100991,21.521243,179.518113,33.15,90,19,2
3,East,7,A,Double,Control,Mix,Fes,FesMix,53.88,118.96,NA,24.50833,187.402021,33.35,80,6,2
3,East,7,B,Double,Control,Mix,Rye,RyeMix,43.58,118.96,NA,21.178986,196.904142,28.95,90,8,2
3,East,7,C,Double,Control,Mix,Pha,PhaMix,20.07,118.96,NA,30.041658,209.21887,40.35,230,0,2
3,East,8,A,Double,Control,Rye,Rye,RyeRye,79.47,91.18,1.147351202,23.796984,208.668308,41.05,110,6,2
3,East,9,A,Double,Control,Mix,Fes,FesMix,40.6,98.27,NA,22.144677,176.995838,21.5,90,0,2
3,East,9,B,Double,Control,Mix,Rye,RyeMix,43.55,98.27,NA,21.264705,195.226981,24.1,100,2,2
3,East,9,C,Double,Control,Mix,Pha,PhaMix,23.69,98.27,NA,27.525996,192.052584,35.95,230,13,2
3,East,10,A,Double,Control,Fes,Fes,FesFes,94.03,54.61,0.580772094,22.684209,169.251443,27.7,100,11,2
3,East,11,A,Double,Control,Rye,Rye,RyeRye,90.23,154.18,1.70874432,24.423938,178.824585,34.3,90,50,2
3,East,12,A,Double,Control,Rye,Rye,RyeRye,96.34,132.54,1.375752543,23.316617,192.754101,39.85,90,40,2
3,East,13,A,Double,Control,Pha,Pha,PhaPha,53.57,50.88,0.949785328,29.914238,193.789967,31.55,170,12,2
3,East,14,A,Double,Control,Fes,Fes,FesFes,77.31,41.53,0.537187945,22.457112,181.130161,32.45,100,0,2
3,East,15,A,Double,Control,Fes,Fes,FesFes,77.18,53.08,0.687742939,21.51893,187.071913,39.7,80,6,2
3,East,16,A,Double,Control,Pha,Pha,PhaPha,48.93,55.28,1.129777233,28.08915,189.188677,39.75,220,1,2
3,West,1,A,Double,Recovery,Mix,Fes,FesMix,39.75,102.91,NA,18.14328735,189.8368679,41.7,125,0,1
3,West,1,B,Double,Recovery,Mix,Pha,PhaMix,33.32,102.91,NA,30.15002018,220.5063291,46.6,190,3,1
3,West,1,C,Double,Recovery,Mix,Rye,RyeMix,42.94,102.91,NA,25.50055949,182.0276498,44.45,130,0,1
3,West,2,A,Double,Recovery,Pha,Pha,PhaPha,56.27,52.67,0.936022747,24.908401,197.8798587,36.25,240,11,1
3,West,3,A,Double,Recovery,Fes,Fes,FesFes,53.24,71.63,1.34541698,19.04481695,229.4714588,39.45,65,5,1
3,West,4,A,Double,Recovery,Rye,Rye,RyeRye,63.45,58.72,0.925453113,24.92308056,205.3804408,39.25,80,50,1
3,West,5,A,Double,Resistance,Pha,Pha,PhaPha,26.5,19.79,0.746792453,30.45933333,182.518797,29.6,40,0,0
3,West,6,A,Double,Recovery,Mix,Fes,FesMix,35.19,112.93,NA,19.916155,179.48616,33.4,90,0,1
3,West,6,B,Double,Recovery,Mix,Pha,PhaMix,29.94,112.93,NA,29.6148,209.491819,40.7,130,0,1
3,West,6,C,Double,Recovery,Mix,Rye,RyeMix,38.1,112.93,NA,26.82520695,180.8180783,34.6,65,0,1
3,West,7,A,Double,Recovery,Fes,Fes,FesFes,43.91,55.81,1.271008882,19.0840849,212.0840484,36.7,70,0,1
3,West,8,A,Double,Resistance,Rye,Rye,RyeRye,22.14,18.6,0.840108401,26.67488889,173.2758621,54.75,50,20,0
3,West,9,A,Double,Resistance,Fes,Fes,FesFes,25.69,27.36,1.065005839,19.5896912,201.4466546,41.7,60,0,0
3,West,10,A,Double,Resistance,Mix,Fes,FesMix,6.25,33.72,NA,20.03634517,201.7283951,28.65,20,0,0
3,West,10,B,Double,Resistance,Mix,Rye,RyeMix,17.16,33.72,NA,28.21551345,262.3529412,41.9,30,0,0
3,West,10,C,Double,Resistance,Mix,Pha,PhaMix,6.89,33.72,NA,24.84680043,204.5544554,42.5,50,0,0
3,West,11,A,Double,Recovery,Pha,Pha,PhaPha,49.09,49.98,1.018129965,26.09408,186.51809,34.8,160,0,1
3,West,12,A,Double,Resistance,Rye,Rye,RyeRye,16.25,25.45,1.566153846,24.53038977,175.5417957,43.3,50,0,0
3,West,13,A,Double,Resistance,Pha,Pha,PhaPha,27.89,17.85,0.640014342,29.84740665,184.2565598,43.85,50,0,0
3,West,14,A,Double,Recovery,Rye,Rye,RyeRye,49.89,60.43,1.211264783,26.230806,208.3480609,40.9,90,0,1
3,West,15,A,Double,Resistance,Fes,Fes,FesFes,18.45,28.01,1.518157182,18.49021033,255.3054662,39.2,70,0,0
3,West,16,A,Double,Resistance,Mix,Fes,FesMix,8.39,29.17,NA,22.33480889,216.3461538,37.5,20,0,0
3,West,16,B,Double,Resistance,Mix,Pha,PhaMix,5.35,29.17,NA,23.07162543,212.4087591,32.4,50,0,0
3,West,16,C,Double,Resistance,Mix,Rye,RyeMix,23.8,29.17,NA,27.91617595,256.445993,43.95,25,0,0
4,East,1,A,Short,Recovery,Mix,Fes,FesMix,9.06,31.65,NA,19.05319186,277.4193548,37,60,0,1
4,East,1,B,Short,Recovery,Mix,Rye,RyeMix,16.57,31.65,NA,33.25411737,245.1785714,49.15,70,0,1
4,East,1,C,Short,Recovery,Mix,Pha,PhaMix,7.9,40.78,NA,28.15861952,202.3781042,35.9,50,0,1
4,East,2,A,Short,Recovery,Pha,Pha,PhaPha,29.79,25.43,0.853642162,27.19315533,200.8239132,40.8,80,0,1
4,East,3,A,Short,Recovery,Rye,Rye,RyeRye,28.07688233,32.07,1.142220836,20.91681264,269.7200495,46.4,65,0,1
4,East,4,A,Short,Resistance,Pha,Pha,PhaPha,5.54,4.8352,0.872779783,14.18587169,317.4300451,36.5,35,0,0
4,East,5,A,Short,Recovery,Mix,Pha,PhaMix,6.87,32.05,NA,27.863249,204.0983607,31.7,50,0,1
4,East,5,B,Short,Recovery,Mix,Fes,FesMix,8.66,32.05,NA,19.20519769,233.3333333,32.85,70,0,1
4,East,5,C,Short,Recovery,Mix,Rye,RyeMix,12.81,34.19,NA,29.84658862,253.4084,40.8,65,0,1
4,East,6,A,Short,Recovery,Rye,Rye,RyeRye,29.91,32.36,1.081912404,19.78809456,223.7179487,52.45,90,0,1
4,East,7,A,Short,Recovery,Fes,Fes,FesFes,12.44,19.89,1.598874598,16.03671806,230.0319489,45.25,65,0,1
4,East,8,A,Short,Resistance,Pha,Pha,PhaPha,4.39,5.5192,1.257220957,15.81853534,331.7794307,37.7,15,0,0
4,East,9,A,Short,Resistance,Rye,Rye,RyeRye,15.46,7.2372,0.468124191,25.80287894,267.4192388,40.5,50,0,0
4,East,10,A,Short,Recovery,Pha,Pha,PhaPha,30.58,20.91,0.683780249,26.99584221,185.0364964,38.5,65,0,1
4,East,11,A,Short,Resistance,Mix,Fes,FesMix,7.06,17.2832,NA,16.58,226.11,32.7,40,0,0
4,East,11,B,Short,Resistance,Mix,Rye,RyeMix,11.7,17.2832,NA,NA,NA,34.9,45,0,0
4,East,11,C,Short,Resistance,Mix,Pha,PhaMix,3.24,17.2832,NA,36.25,155.21,25.9,45,0,0
4,East,12,A,Short,Resistance,Fes,Fes,FesFes,2.67,3.0762,1.152134831,12.37819922,325.744795,32.7,40,0,0
4,East,13,A,Short,Resistance,Fes,Fes,FesFes,5.79,5.98,1.032815199,13.71041634,275.7363813,35.8,45,0,0
4,East,14,A,Short,Recovery,Fes,Fes,FesFes,13.17,21.06,1.599088838,19.67488404,216.9934641,45.75,70,0,1
4,East,15,A,Short,Resistance,Rye,Rye,RyeRye,14.24,7.8712,0.552752809,27.20595904,182.6998837,38.8,75,0,0
4,East,16,A,Short,Resistance,Mix,Fes,FesMix,4.83,12.0082,NA,16.47,254.29,34.5,50,0,0
4,East,16,B,Short,Resistance,Mix,Rye,RyeMix,12.23,16.0082,NA,22.24,300.51,37.4,45,0,0
4,East,16,C,Short,Resistance,Mix,Pha,PhaMix,4.07,16.0082,NA,31.02,168.67,31.8,40,0,0
4,West,1,A,Long,Recovery,Rye,Rye,RyeRye,12.54,42.27,3.370813397,29.76460476,187.6675603,38.4,160,20,1
4,West,2,A,Long,Recovery,Mix,Pha,PhaMix,6.54,50.86,NA,26.94520732,229.73,40.8,190,0,1
4,West,2,B,Long,Recovery,Mix,Fes,FesMix,16.13,50.86,NA,21.37193422,209.4350125,34.15,75,0,1
4,West,2,C,Long,Recovery,Mix,Rye,RyeMix,16.18,50.86,NA,30.18515352,198.392435,43.55,90,0,1
4,West,3,A,Long,Recovery,Fes,Fes,FesFes,16.98,26.17,1.541224971,18.49478294,200.2549395,38.7,85,0,1
4,West,4,A,Long,Recovery,Fes,Fes,FesFes,14.12,21.29,1.507790368,16.1553705,200.5179935,41.2,70,0,1
4,West,5,A,Long,Recovery,Pha,Pha,PhaPha,19.81,24.13,1.218071681,29.82086588,181.0391002,41.6,260,1,1
4,West,6,A,Long,Recovery,Rye,Rye,RyeRye,15.99,36.76,2.298936836,28.49567069,199.1576414,47.35,110,0,1
4,West,7,A,Long,Recovery,Mix,Pha,PhaMix,5.68,39.42,NA,29.8736,208.3333333,37.05,180,0,1
4,West,7,B,Long,Recovery,Mix,Fes,FesMix,18.91,39.42,NA,22.24172449,181.3135985,41,100,1,1
4,West,7,C,Long,Recovery,Mix,Rye,RyeMix,12.74,39.42,NA,30.26836438,179.4493609,49.7,95,0,1
4,West,8,A,Long,Resistance,Rye,Rye,RyeRye,10.67,28.28,2.650421743,22.19828276,235.5140187,25.6,50,0,0
4,West,9,A,Long,Resistance,Pha,Pha,PhaPha,5.74,8.56,1.491289199,22.25249317,230.2980132,44.3,65,0,0
4,West,10,A,Long,Resistance,Pha,Pha,PhaPha,6.79,4.98,0.733431517,24.29160832,213.803681,50.2,70,0,0
4,West,11,A,Long,Recovery,Pha,Pha,PhaPha,25.91,25.24,0.974141258,28.80793397,189.5056908,43.8,180,0,1
4,West,12,A,Long,Resistance,Mix,Rye,RyeMix,4.82,11.56,NA,28.38625035,200.08408,NA,40,0,0
4,West,12,B,Long,Resistance,Mix,Pha,PhaMix,3.22,11.56,NA,30.18508696,245.63,NA,60,0,0
4,West,12,C,Long,Resistance,Mix,Fes,FesMix,5.23,11.56,NA,17.92025051,228.1226054,47.5,25,0,0
4,West,13,A,Long,Resistance,Rye,Rye,RyeRye,13.8,29.71,2.152898551,24.96627636,208.3333333,27.8,60,0,0
4,West,14,A,Long,Resistance,Mix,Fes,FesMix,5.59,20.44,NA,17.73190215,218.9473684,30.7,30,0,0
4,West,14,B,Long,Resistance,Mix,Pha,PhaMix,3.41,20.44,NA,29.95408409,234.0848048,NA,50,0,0
4,West,14,C,Long,Resistance,Mix,Rye,RyeMix,4.81,20.44,NA,28.67900062,199.08948,NA,30,0,0
4,West,15,A,Long,Resistance,Fes,Fes,FesFes,10.1,7.04,0.697029703,16.87750124,249.8809524,28.6,25,0,0
4,West,16,A,Long,Resistance,Fes,Fes,FesFes,11.7,8.69,0.742735043,14.91766925,284.5588235,31.85,35,0,0
5,East,1,A,Short,Recovery,Pha,Pha,PhaPha,36.19,21.3,0.588560376,28.51156836,186.1818182,43.75,70,0,1
5,East,2,A,Short,Recovery,Fes,Fes,FesFes,14.31,18.18,1.270440252,19.05810106,264.13,45.7,75,0,1
5,East,3,A,Short,Resistance,Rye,Rye,RyeRye,13.53,8.2062,0.606518847,31.55798233,154.2647664,38.3,50,0,0
5,East,4,A,Short,Resistance,Rye,Rye,RyeRye,10.89,6.2912,0.577704316,23.45265018,205.0621193,41.6,45,0,0
5,East,5,A,Short,Recovery,Fes,Fes,FesFes,15.9,23.74,1.493081761,17.14669957,245.2954093,44.4,70,0,1
5,East,6,A,Short,Recovery,Mix,Fes,FesMix,7.13,29.34,NA,20.3898628,237.2384937,30.55,60,0,1
5,East,6,B,Short,Recovery,Mix,Pha,PhaMix,7.2,29.34,NA,28.94393994,216.0335196,35.65,60,0,1
5,East,6,C,Short,Recovery,Mix,Rye,RyeMix,9.02,29.34,NA,26.72488471,255.1094891,43.4,75,0,1
5,East,7,A,Short,Recovery,Pha,Pha,PhaPha,28,25.23,0.901071429,26.32333932,224.3842365,34.8,65,0,1
5,East,8,A,Short,Resistance,Rye,Rye,RyeRye,11.2,6.2542,0.558410714,26.5239117,180.7943288,44.7,40,0,0
5,East,9,A,Short,Resistance,Pha,Pha,PhaPha,4.39,4.9882,1.136264237,12.96095635,317.1973102,35.5,30,0,0
5,East,10,A,Short,Recovery,Mix,Rye,RyeMix,11.91,32.49,NA,29.13660395,249.084084,41.8,85,0,1
5,East,10,B,Short,Recovery,Mix,Fes,FesMix,10.97,36.4,NA,20.8940806,255.084808,36,60,0,1
5,East,10,C,Short,Recovery,Mix,Pha,PhaMix,5.64,36.1,NA,29.99961161,220.8986572,39.7,55,0,1
5,East,11,A,Short,Resistance,Pha,Pha,PhaPha,6.01,5.503,0.915640599,15.87498518,320.8339875,38.9,30,0,0
5,East,12,A,Short,Resistance,Mix,Fes,FesMix,9.23,25.87,NA,18.28,224.66,32.1,35,0,0
5,East,12,B,Short,Resistance,Mix,Pha,PhaMix,8.05,25.87,NA,28.97,173.04,35.2,40,0,0
5,East,12,C,Short,Resistance,Mix,Rye,RyeMix,10.21,25.87,NA,25.63,295.57,47.1,60,0,0
5,East,13,A,Short,Resistance,Fes,Fes,FesFes,3.55,4.53,1.276056338,14.88335932,286.8062359,38.4,40,0,0
5,East,14,A,Short,Resistance,Fes,Fes,FesFes,2.88,3.1962,1.109791667,14.72566735,269.8220894,34.2,35,0,0
5,East,15,A,Short,Resistance,Mix,Pha,PhaMix,5.84,20.99,NA,28.090119,206.5619339,42.3,30,0,0
5,East,15,B,Short,Resistance,Mix,Rye,RyeMix,8.93,20.99,NA,24.91,301.19,45.17,60,0,0
5,East,15,C,Short,Resistance,Mix,Fes,FesMix,8.73,20.99,NA,17.92,243.94084,30.9,50,0,0
5,East,16,A,Short,Recovery,Rye,Rye,RyeRye,26.25819302,32.13,1.443513405,18.71244385,289.9439746,4.97,65,0,1
5,West,1,A,Double,Recovery,Fes,Fes,FesFes,58.11,68.18,1.173292032,20.05156547,239.242685,39.6,75,0,1
5,West,2,A,Double,Recovery,Rye,Rye,RyeRye,66.64,62.93,0.944327731,26.272425,219.6078431,49.15,90,20,1
5,West,3,A,Double,Recovery,Rye,Rye,RyeRye,55.51,66.16,1.191857323,29.74266667,195.6521739,43.75,100,0,1
5,West,4,A,Double,Recovery,Mix,Pha,PhaMix,41.98,137.12,NA,30.08654,216.4744646,41.65,120,2,1
5,West,4,B,Double,Recovery,Mix,Fes,FesMix,27.5,137.12,NA,22.81352787,175.2549889,39.4,65,0,1
5,West,4,C,Double,Recovery,Mix,Rye,RyeMix,37.72,137.12,NA,28.01720333,180.4545455,42.4,65,0,1
5,West,5,A,Double,Recovery,Pha,Pha,PhaPha,46.33,58.03,1.252536154,23.47871739,185.3405995,41.75,75,0,1
5,West,6,A,Double,Recovery,Fes,Fes,FesFes,32.94,32.55,0.988160291,19.0567217,199.0540541,38.5,90,0,1
5,West,7,A,Double,Recovery,Pha,Pha,PhaPha,49.33,47.32,0.959254004,25.91212953,165.5555556,35.25,160,11,1
5,West,8,A,Double,Recovery,Mix,Pha,PhaMix,31.27,144.86,NA,28.35468701,218.3622351,34.75,90,0,1
5,West,8,B,Double,Recovery,Mix,Fes,FesMix,26.04,144.86,NA,23.3011253,180.4312115,33.35,75,0,1
5,West,8,C,Double,Recovery,Mix,Rye,RyeMix,37.24,144.86,NA,27.54606957,185.483871,52.8,80,0,1
5,West,9,A,Double,Resistance,Fes,Fes,FesFes,26.73,27.92,1.044519267,18.06617726,209.7095436,45.45,55,0,0
5,West,10,A,Double,Resistance,Mix,Pha,PhaMix,6.85,28.25,NA,23.68925574,200.3067485,41,60,0,0
5,West,10,B,Double,Resistance,Mix,Rye,RyeMix,16.55,28.25,NA,27.09568144,186.0824742,42.7,35,0,0
5,West,10,C,Double,Resistance,Mix,Fes,FesMix,7.37,28.25,NA,20.65396222,174.4186047,42.4,45,0,0
5,West,11,A,Double,Resistance,Pha,Pha,PhaPha,20.66,17.52,0.848015489,27.39670909,183.8440111,36.4,60,0,0
5,West,12,A,Double,Resistance,Pha,Pha,PhaPha,22.29,15.73,0.705697622,31.5516486,221.5789474,34.5,70,0,0
5,West,13,A,Double,Resistance,Rye,Rye,RyeRye,18.45,18.68,1.012466125,26.85518715,193.7728938,37.6,55,0,0
5,West,14,A,Double,Resistance,Fes,Fes,FesFes,17.15,25.35,1.478134111,19.60259964,196.819788,41.75,30,0,0
5,West,15,A,Double,Resistance,Mix,Pha,PhaMix,6.58,26.93,NA,22.94507531,256.9892473,37.3,40,0,0
5,West,15,B,Double,Resistance,Mix,Fes,FesMix,6.8,26.93,NA,21.50424388,190.5839227,36.1,15,0,0
5,West,15,C,Double,Resistance,Mix,Rye,RyeMix,15.26,26.93,NA,30.29999179,224.4239631,38.3,35,0,0
5,West,16,A,Double,Resistance,Rye,Rye,RyeRye,15.57,16.04,1.030186256,22.0549331,246.9565217,41.1,30,0,0
6,East,1,A,Long,Recovery,Mix,Rye,RyeMix,19.86,32.56,NA,31.68513592,182.300885,38.45,85,0,1
6,East,1,B,Long,Recovery,Mix,Fes,FesMix,19.56,32.56,NA,22.980415,199.80481,50.6,55,0,1
6,East,1,C,Long,Recovery,Mix,Pha,PhaMix,4.99,32.56,NA,29.4396,203.7037037,28.7,220,0,1
6,East,2,A,Long,Recovery,Fes,Fes,FesFes,16.65,18.99,1.140540541,15.98711143,226.557377,41.75,50,0,1
6,East,3,A,Long,Recovery,Rye,Rye,RyeRye,18.42,33.92,1.841476656,29.24302083,189.8305085,40.15,80,0,1
6,East,4,A,Long,Recovery,Rye,Rye,RyeRye,11.46,31.25,2.726876091,29.06488285,183.8461538,36.3,60,0,1
6,East,5,A,Long,Recovery,Mix,Fes,FesMix,15.15,43.29,NA,23.38148494,172.9411765,44.6,65,0,1
6,East,5,B,Long,Recovery,Mix,Rye,RyeMix,17.31,43.29,NA,26.37738144,206.3829787,53.3,90,5,1
6,East,5,C,Long,Recovery,Mix,Pha,PhaMix,6.98,43.29,NA,25.94693897,203.8277512,54.1,150,0,1
6,East,6,A,Long,Recovery,Fes,Fes,FesFes,11.05,19.93,1.80361991,15.33878768,208.9812332,54.1,80,0,1
6,East,7,A,Long,Recovery,Pha,Pha,PhaPha,24.65,26.07,1.057606491,27.19884612,179.0124875,44.4,190,0,1
6,East,8,A,Long,Resistance,Rye,Rye,RyeRye,12.66,25.78,2.036334913,24.8503292,211.7006283,27.7,50,0,0
6,East,9,A,Long,Resistance,Rye,Rye,RyeRye,12.28,25.1,2.043973941,23.66513913,230,27.5,40,0,0
6,East,10,A,Long,Recovery,Pha,Pha,PhaPha,25.97,25.45,0.979976896,25.33751589,189.0459364,47.55,110,0,1
6,East,11,A,Long,Resistance,Mix,Rye,RyeMix,5.15,15.48,NA,31.97541667,199.0825688,NA,20,0,0
6,East,11,B,Long,Resistance,Mix,Fes,FesMix,3.83,15.48,NA,25.04774869,203.1914894,NA,30,0,0
6,East,11,C,Long,Resistance,Mix,Pha,PhaMix,2.41,15.48,NA,26.35367841,215.1658768,38.35,65,0,0
6,East,12,A,Long,Resistance,Pha,Pha,PhaPha,3.92,7.23,1.844387755,23.42192174,240.4878049,19.2,60,0,0
6,East,13,A,Long,Resistance,Fes,Fes,FesFes,12.73,10.08,0.791830322,14.69123542,255.5353839,30.4,50,0,0
6,East,14,A,Long,Resistance,Pha,Pha,PhaPha,4.34,5.84,1.34562212,25.25345363,238.0745342,38.75,55,0,0
6,East,15,A,Long,Resistance,Mix,Rye,RyeMix,4.7,13.15,NA,27.49095484,203.0827068,45.3,35,0,0
6,East,15,B,Long,Resistance,Mix,Pha,PhaMix,2.9,13.15,NA,29.07273947,256.7567568,46.6,60,0,0
6,East,15,C,Long,Resistance,Mix,Fes,FesMix,3.21,13.15,NA,23.18064706,208.5106383,NA,10,0,0
6,East,16,A,Long,Resistance,Fes,Fes,FesFes,11.99,9.79,0.816513761,13.16343772,249.7164517,29.8,50,0,0
6,West,1,A,Double,Recovery,Fes,Fes,FesFes,57.46,64.2,1.117298991,18.96478523,215.3179191,39.25,90,0,1
6,West,2,A,Double,Recovery,Pha,Pha,PhaPha,63.54,61.37,0.965848285,26.60002518,177.5223499,56.75,90,12,1
6,West,3,A,Double,Recovery,Mix,Fes,FesMix,25.25,137.55,NA,23.62850625,188.6792453,33.05,120,0,1
6,West,3,B,Double,Recovery,Mix,Pha,PhaMix,27.06,137.55,NA,28.08111905,206.2616822,43.8,140,0,1
6,West,3,C,Double,Recovery,Mix,Rye,RyeMix,44.26,137.55,NA,26.13842058,191.0447761,54.65,130,10,1
6,West,4,A,Double,Recovery,Rye,Rye,RyeRye,46.27,60.76,1.313161876,27.64484571,182.4137931,48.75,60,0,1
6,West,5,A,Double,Resistance,Mix,Pha,PhaMix,5.87,29.2,NA,24.70725882,230.2681992,38.8,30,0,0
6,West,5,B,Double,Resistance,Mix,Fes,FesMix,5.07,29.2,NA,21.89541096,172.2772277,37.8,20,0,0
6,West,5,C,Double,Resistance,Mix,Rye,RyeMix,12.91,29.2,NA,29.25776718,193.5099338,35,30,0,0
6,West,6,A,Double,Resistance,Pha,Pha,PhaPha,27.95,16.47,0.589266547,30.4395,196.5089408,36.8,50,0,0
6,West,7,A,Double,Resistance,Rye,Rye,RyeRye,11.71,11.62,0.992314261,20.0817364,222.3255814,48.7,40,0,0
6,West,8,A,Double,Recovery,Fes,Fes,FesFes,41.27,39.56,0.958565544,17.94078163,192.6479751,47.2,70,0,1
6,West,9,A,Double,Resistance,Rye,Rye,RyeRye,14.21,17.86,1.256861365,24.87230723,190.8045977,53.55,65,0,0
6,West,10,A,Double,Resistance,Mix,Fes,FesMix,7.09,30.71,NA,21.52008974,190.0142387,36.4,30,0,0
6,West,10,B,Double,Resistance,Mix,Rye,RyeMix,18.64,30.71,NA,28.1468874,212.8706159,38.7,40,0,0
6,West,10,C,Double,Resistance,Mix,Pha,PhaMix,5.64,30.71,NA,23.45308885,212.4651129,43.8,40,0,0
6,West,11,A,Double,Resistance,Fes,Fes,FesFes,18.99,25.7,1.353343865,17.57168421,204.3010753,50.6,55,0,0
6,West,12,A,Double,Resistance,Pha,Pha,PhaPha,18.89,16.9,0.894653256,30.23783686,215.8333333,32.75,20,0,0
6,West,13,A,Double,Recovery,Pha,Pha,PhaPha,72.33,60.93,0.84238905,22.15823095,202.4724409,51.2,140,21,1
6,West,14,A,Double,Recovery,Mix,Rye,RyeMix,39.98,92.5,NA,26.5948652,182.6923077,49.15,75,0,1
6,West,14,B,Double,Recovery,Mix,Pha,PhaMix,26.46,92.5,NA,26.85507378,210.4770814,32.9,90,0,1
6,West,14,C,Double,Recovery,Mix,Fes,FesMix,33.28,92.5,NA,20.84675849,185.9649123,43.85,130,2,1
6,West,15,A,Double,Resistance,Fes,Fes,FesFes,22.43,26.67,1.189032546,18.55373469,227.027027,36.45,35,0,0
6,West,16,A,Double,Recovery,Rye,Rye,RyeRye,53.22,60.23,1.131717399,25.13185,191.8213058,35.75,120,0,1
